"KH-Dot-Kagurazaka-12.ttf";12;False;False;0;0;1;1
32;938;338;7;16;6;0
33;930;338;7;16;6;0
34;922;338;7;16;6;0
35;914;338;7;16;6;0
36;906;338;7;16;6;0
37;898;338;7;16;6;0
38;890;338;7;16;6;0
39;882;338;7;16;6;0
40;874;338;7;16;6;0
41;866;338;7;16;6;0
42;858;338;7;16;6;0
43;850;338;7;16;6;0
44;842;338;7;16;6;0
45;834;338;7;16;6;0
46;826;338;7;16;6;0
47;818;338;7;16;6;0
48;810;338;7;16;6;0
49;802;338;7;16;6;0
50;794;338;7;16;6;0
51;786;338;7;16;6;0
52;778;338;7;16;6;0
53;770;338;7;16;6;0
54;762;338;7;16;6;0
55;754;338;7;16;6;0
56;746;338;7;16;6;0
57;738;338;7;16;6;0
58;730;338;7;16;6;0
59;722;338;7;16;6;0
60;714;338;7;16;6;0
61;706;338;7;16;6;0
62;698;338;7;16;6;0
63;690;338;7;16;6;0
64;682;338;7;16;6;0
65;674;338;7;16;6;0
66;666;338;7;16;6;0
67;658;338;7;16;6;0
68;650;338;7;16;6;0
69;642;338;7;16;6;0
70;634;338;7;16;6;0
71;626;338;7;16;6;0
72;618;338;7;16;6;0
73;610;338;7;16;6;0
74;602;338;7;16;6;0
75;594;338;7;16;6;0
76;586;338;7;16;6;0
77;578;338;7;16;6;0
78;570;338;7;16;6;0
79;562;338;7;16;6;0
80;554;338;7;16;6;0
81;546;338;7;16;6;0
82;538;338;7;16;6;0
83;530;338;7;16;6;0
84;522;338;7;16;6;0
85;514;338;7;16;6;0
86;506;338;7;16;6;0
87;498;338;7;16;6;0
88;490;338;7;16;6;0
89;482;338;7;16;6;0
90;474;338;7;16;6;0
91;466;338;7;16;6;0
92;458;338;7;16;6;0
93;450;338;7;16;6;0
94;442;338;7;16;6;0
95;434;338;7;16;6;0
96;426;338;7;16;6;0
97;418;338;7;16;6;0
98;410;338;7;16;6;0
99;402;338;7;16;6;0
100;394;338;7;16;6;0
101;386;338;7;16;6;0
102;378;338;7;16;6;0
103;370;338;7;16;6;0
104;362;338;7;16;6;0
105;354;338;7;16;6;0
106;346;338;7;16;6;0
107;338;338;7;16;6;0
108;330;338;7;16;6;0
109;322;338;7;16;6;0
110;314;338;7;16;6;0
111;306;338;7;16;6;0
112;298;338;7;16;6;0
113;290;338;7;16;6;0
114;282;338;7;16;6;0
115;274;338;7;16;6;0
116;266;338;7;16;6;0
117;258;338;7;16;6;0
118;250;338;7;16;6;0
119;242;338;7;16;6;0
120;234;338;7;16;6;0
121;226;338;7;16;6;0
122;218;338;7;16;6;0
123;210;338;7;16;6;0
124;202;338;7;16;6;0
125;194;338;7;16;6;0
126;0;1;1;16;0;0
160;178;338;7;16;6;0
180;125;338;12;16;12;0
183;0;1;1;16;0;0
215;99;338;12;16;12;0
969;112;338;12;16;12;0
8213;379;18;13;16;12;0
8217;191;354;3;16;12;1
8220;1018;338;5;16;12;7
8221;185;354;5;16;12;1
8230;435;18;13;16;12;0
8592;449;18;13;16;12;0
8593;463;18;13;16;12;0
8594;477;18;13;16;12;0
8595;491;18;13;16;12;0
8704;505;18;13;16;12;0
9651;519;18;13;16;12;0
9733;533;18;13;16;12;0
9834;547;18;13;16;12;0
9839;561;18;13;16;12;0
12288;575;18;13;16;12;0
12289;589;18;13;16;12;0
12290;603;18;13;16;12;0
12293;617;18;13;16;12;0
12300;631;18;13;16;12;0
12301;645;18;13;16;12;0
12302;659;18;13;16;12;0
12303;673;18;13;16;12;0
12353;687;18;13;16;12;0
12354;701;18;13;16;12;0
12355;715;18;13;16;12;0
12356;729;18;13;16;12;0
12357;743;18;13;16;12;0
12358;757;18;13;16;12;0
12359;771;18;13;16;12;0
12360;785;18;13;16;12;0
12361;799;18;13;16;12;0
12362;813;18;13;16;12;0
12363;827;18;13;16;12;0
12364;841;18;13;16;12;0
12365;855;18;13;16;12;0
12366;869;18;13;16;12;0
12367;883;18;13;16;12;0
12368;897;18;13;16;12;0
12369;911;18;13;16;12;0
12370;925;18;13;16;12;0
12371;939;18;13;16;12;0
12372;953;18;13;16;12;0
12373;967;18;13;16;12;0
12374;981;18;13;16;12;0
12375;995;18;13;16;12;0
12376;1009;18;13;16;12;0
12377;1;34;13;16;12;0
12378;15;34;13;16;12;0
12379;29;34;13;16;12;0
12380;43;34;13;16;12;0
12381;57;34;13;16;12;0
12382;71;34;13;16;12;0
12383;85;34;13;16;12;0
12384;99;34;13;16;12;0
12385;113;34;13;16;12;0
12386;127;34;13;16;12;0
12387;141;34;13;16;12;0
12388;155;34;13;16;12;0
12389;169;34;13;16;12;0
12390;183;34;13;16;12;0
12391;197;34;13;16;12;0
12392;211;34;13;16;12;0
12393;225;34;13;16;12;0
12394;239;34;13;16;12;0
12395;253;34;13;16;12;0
12396;267;34;13;16;12;0
12397;281;34;13;16;12;0
12398;295;34;13;16;12;0
12399;309;34;13;16;12;0
12400;323;34;13;16;12;0
12401;337;34;13;16;12;0
12402;351;34;13;16;12;0
12403;365;34;13;16;12;0
12404;379;34;13;16;12;0
12405;393;34;13;16;12;0
12406;407;34;13;16;12;0
12407;421;34;13;16;12;0
12408;435;34;13;16;12;0
12409;449;34;13;16;12;0
12410;463;34;13;16;12;0
12411;477;34;13;16;12;0
12412;491;34;13;16;12;0
12413;505;34;13;16;12;0
12414;519;34;13;16;12;0
12415;533;34;13;16;12;0
12416;547;34;13;16;12;0
12417;561;34;13;16;12;0
12418;575;34;13;16;12;0
12419;589;34;13;16;12;0
12420;603;34;13;16;12;0
12421;617;34;13;16;12;0
12422;631;34;13;16;12;0
12423;645;34;13;16;12;0
12424;659;34;13;16;12;0
12425;673;34;13;16;12;0
12426;687;34;13;16;12;0
12427;701;34;13;16;12;0
12428;715;34;13;16;12;0
12429;729;34;13;16;12;0
12430;743;34;13;16;12;0
12431;757;34;13;16;12;0
12432;771;34;13;16;12;0
12433;785;34;13;16;12;0
12434;799;34;13;16;12;0
12435;813;34;13;16;12;0
12443;827;34;13;16;12;0
12444;841;34;13;16;12;0
12449;855;34;13;16;12;0
12450;869;34;13;16;12;0
12451;883;34;13;16;12;0
12452;897;34;13;16;12;0
12453;911;34;13;16;12;0
12454;925;34;13;16;12;0
12455;939;34;13;16;12;0
12456;953;34;13;16;12;0
12457;967;34;13;16;12;0
12458;981;34;13;16;12;0
12459;995;34;13;16;12;0
12460;1009;34;13;16;12;0
12461;1;50;13;16;12;0
12462;15;50;13;16;12;0
12463;29;50;13;16;12;0
12464;43;50;13;16;12;0
12465;57;50;13;16;12;0
12466;71;50;13;16;12;0
12467;85;50;13;16;12;0
12468;99;50;13;16;12;0
12469;113;50;13;16;12;0
12470;127;50;13;16;12;0
12471;141;50;13;16;12;0
12472;155;50;13;16;12;0
12473;169;50;13;16;12;0
12474;183;50;13;16;12;0
12475;197;50;13;16;12;0
12476;211;50;13;16;12;0
12477;225;50;13;16;12;0
12478;239;50;13;16;12;0
12479;253;50;13;16;12;0
12480;267;50;13;16;12;0
12481;281;50;13;16;12;0
12482;295;50;13;16;12;0
12483;309;50;13;16;12;0
12484;323;50;13;16;12;0
12485;337;50;13;16;12;0
12486;351;50;13;16;12;0
12487;365;50;13;16;12;0
12488;379;50;13;16;12;0
12489;393;50;13;16;12;0
12490;407;50;13;16;12;0
12491;421;50;13;16;12;0
12492;435;50;13;16;12;0
12493;449;50;13;16;12;0
12494;463;50;13;16;12;0
12495;477;50;13;16;12;0
12496;491;50;13;16;12;0
12497;505;50;13;16;12;0
12498;519;50;13;16;12;0
12499;533;50;13;16;12;0
12500;547;50;13;16;12;0
12501;561;50;13;16;12;0
12502;575;50;13;16;12;0
12503;589;50;13;16;12;0
12504;603;50;13;16;12;0
12505;617;50;13;16;12;0
12506;631;50;13;16;12;0
12507;645;50;13;16;12;0
12508;659;50;13;16;12;0
12509;673;50;13;16;12;0
12510;687;50;13;16;12;0
12511;701;50;13;16;12;0
12512;715;50;13;16;12;0
12513;729;50;13;16;12;0
12514;743;50;13;16;12;0
12515;757;50;13;16;12;0
12516;771;50;13;16;12;0
12517;785;50;13;16;12;0
12518;799;50;13;16;12;0
12519;813;50;13;16;12;0
12520;827;50;13;16;12;0
12521;841;50;13;16;12;0
12522;855;50;13;16;12;0
12523;869;50;13;16;12;0
12524;883;50;13;16;12;0
12525;897;50;13;16;12;0
12526;911;50;13;16;12;0
12527;925;50;13;16;12;0
12528;939;50;13;16;12;0
12529;953;50;13;16;12;0
12530;967;50;13;16;12;0
12531;981;50;13;16;12;0
12532;995;50;13;16;12;0
12533;1009;50;13;16;12;0
12534;1;66;13;16;12;0
12535;0;1;1;16;0;0
12539;29;66;13;16;12;0
12540;43;66;13;16;12;0
19968;57;66;13;16;12;0
19975;71;66;13;16;12;0
19976;85;66;13;16;12;0
19977;99;66;13;16;12;0
19978;113;66;13;16;12;0
19979;127;66;13;16;12;0
19981;141;66;13;16;12;0
19982;155;66;13;16;12;0
19990;169;66;13;16;12;0
20001;183;66;13;16;12;0
20006;197;66;13;16;12;0
20013;211;66;13;16;12;0
20024;225;66;13;16;12;0
20027;239;66;13;16;12;0
20055;253;66;13;16;12;0
20081;267;66;13;16;12;0
20083;281;66;13;16;12;0
20096;295;66;13;16;12;0
20102;309;66;13;16;12;0
20104;323;66;13;16;12;0
20105;337;66;13;16;12;0
20107;351;66;13;16;12;0
20108;365;66;13;16;12;0
20114;379;66;13;16;12;0
20116;393;66;13;16;12;0
20117;407;66;13;16;12;0
20132;421;66;13;16;12;0
20154;435;66;13;16;12;0
20161;449;66;13;16;12;0
20170;463;66;13;16;12;0
20181;477;66;13;16;12;0
20182;491;66;13;16;12;0
20184;505;66;13;16;12;0
20195;519;66;13;16;12;0
20196;533;66;13;16;12;0
20197;547;66;13;16;12;0
20206;561;66;13;16;12;0
20208;575;66;13;16;12;0
20210;589;66;13;16;12;0
20214;603;66;13;16;12;0
20219;617;66;13;16;12;0
20241;631;66;13;16;12;0
20250;645;66;13;16;12;0
20253;659;66;13;16;12;0
20280;673;66;13;16;12;0
20284;687;66;13;16;12;0
20301;701;66;13;16;12;0
20302;715;66;13;16;12;0
20303;729;66;13;16;12;0
20307;743;66;13;16;12;0
20309;757;66;13;16;12;0
20313;771;66;13;16;12;0
20316;785;66;13;16;12;0
20351;799;66;13;16;12;0
20363;813;66;13;16;12;0
20381;827;66;13;16;12;0
20385;841;66;13;16;12;0
20405;855;66;13;16;12;0
20418;869;66;13;16;12;0
20419;883;66;13;16;12;0
20439;897;66;13;16;12;0
20445;911;66;13;16;12;0
20449;925;66;13;16;12;0
20462;939;66;13;16;12;0
20489;953;66;13;16;12;0
20491;967;66;13;16;12;0
20493;981;66;13;16;12;0
20498;995;66;13;16;12;0
20505;1009;66;13;16;12;0
20511;1;82;13;16;12;0
20516;15;82;13;16;12;0
20553;29;82;13;16;12;0
20572;43;82;13;16;12;0
20581;57;82;13;16;12;0
20596;71;82;13;16;12;0
20598;85;82;13;16;12;0
20605;99;82;13;16;12;0
20625;113;82;13;16;12;0
20633;127;82;13;16;12;0
20663;141;82;13;16;12;0
20670;155;82;13;16;12;0
20685;169;82;13;16;12;0
20687;183;82;13;16;12;0
20693;197;82;13;16;12;0
20711;211;82;13;16;12;0
20736;225;82;13;16;12;0
20740;239;82;13;16;12;0
20778;253;82;13;16;12;0
20803;267;82;13;16;12;0
20804;281;82;13;16;12;0
20805;295;82;13;16;12;0
20806;309;82;13;16;12;0
20808;323;82;13;16;12;0
20809;337;82;13;16;12;0
20813;351;82;13;16;12;0
20814;365;82;13;16;12;0
20826;379;82;13;16;12;0
20837;393;82;13;16;12;0
20840;407;82;13;16;12;0
20844;421;82;13;16;12;0
20849;435;82;13;16;12;0
20853;449;82;13;16;12;0
20855;463;82;13;16;12;0
20856;477;82;13;16;12;0
20869;491;82;13;16;12;0
20870;505;82;13;16;12;0
20874;519;82;13;16;12;0
20877;533;82;13;16;12;0
20882;547;82;13;16;12;0
20887;561;82;13;16;12;0
20889;575;82;13;16;12;0
20896;589;82;13;16;12;0
20918;603;82;13;16;12;0
20919;617;82;13;16;12;0
20941;631;82;13;16;12;0
20957;645;82;13;16;12;0
20966;659;82;13;16;12;0
20982;673;82;13;16;12;0
20986;687;82;13;16;12;0
20992;701;82;13;16;12;0
20995;715;82;13;16;12;0
20998;729;82;13;16;12;0
20999;743;82;13;16;12;0
21015;757;82;13;16;12;0
21021;771;82;13;16;12;0
21028;785;82;13;16;12;0
21029;799;82;13;16;12;0
21033;813;82;13;16;12;0
21040;827;82;13;16;12;0
21046;841;82;13;16;12;0
21048;855;82;13;16;12;0
21050;869;82;13;16;12;0
21051;883;82;13;16;12;0
21063;897;82;13;16;12;0
21066;911;82;13;16;12;0
21069;925;82;13;16;12;0
21091;939;82;13;16;12;0
21092;953;82;13;16;12;0
21104;967;82;13;16;12;0
21106;981;82;13;16;12;0
21109;995;82;13;16;12;0
21127;1009;82;13;16;12;0
21147;1;98;13;16;12;0
21151;15;98;13;16;12;0
21152;29;98;13;16;12;0
21155;43;98;13;16;12;0
21161;57;98;13;16;12;0
21162;71;98;13;16;12;0
21163;85;98;13;16;12;0
21177;99;98;13;16;12;0
21191;113;98;13;16;12;0
21193;127;98;13;16;12;0
21205;141;98;13;16;12;0
21209;155;98;13;16;12;0
21213;169;98;13;16;12;0
21215;183;98;13;16;12;0
21218;197;98;13;16;12;0
21247;211;98;13;16;12;0
21253;225;98;13;16;12;0
21270;239;98;13;16;12;0
21271;253;98;13;16;12;0
21280;267;98;13;16;12;0
21305;281;98;13;16;12;0
21313;295;98;13;16;12;0
21315;309;98;13;16;12;0
21322;323;98;13;16;12;0
21330;337;98;13;16;12;0
21332;351;98;13;16;12;0
21335;365;98;13;16;12;0
21336;379;98;13;16;12;0
21344;393;98;13;16;12;0
21360;407;98;13;16;12;0
21361;421;98;13;16;12;0
21363;435;98;13;16;12;0
21364;449;98;13;16;12;0
21365;463;98;13;16;12;0
21380;477;98;13;16;12;0
21402;491;98;13;16;12;0
21407;505;98;13;16;12;0
21427;519;98;13;16;12;0
21435;533;98;13;16;12;0
21442;547;98;13;16;12;0
21451;561;98;13;16;12;0
21453;575;98;13;16;12;0
21454;589;98;13;16;12;0
21462;603;98;13;16;12;0
21463;617;98;13;16;12;0
21475;631;98;13;16;12;0
21476;645;98;13;16;12;0
21483;659;98;13;16;12;0
21484;673;98;13;16;12;0
21487;687;98;13;16;12;0
21488;701;98;13;16;12;0
21490;715;98;13;16;12;0
21491;729;98;13;16;12;0
21495;743;98;13;16;12;0
21496;757;98;13;16;12;0
21508;771;98;13;16;12;0
21512;785;98;13;16;12;0
21516;799;98;13;16;12;0
21517;813;98;13;16;12;0
21520;827;98;13;16;12;0
21521;841;98;13;16;12;0
21531;855;98;13;16;12;0
21536;869;98;13;16;12;0
21542;883;98;13;16;12;0
21547;897;98;13;16;12;0
21560;911;98;13;16;12;0
21561;925;98;13;16;12;0
21578;939;98;13;16;12;0
21608;953;98;13;16;12;0
21610;967;98;13;16;12;0
21619;981;98;13;16;12;0
21628;995;98;13;16;12;0
21629;1009;98;13;16;12;0
21638;1;114;13;16;12;0
21644;15;114;13;16;12;0
21697;29;114;13;16;12;0
21729;43;114;13;16;12;0
21742;57;114;13;16;12;0
21746;71;114;13;16;12;0
21764;85;114;13;16;12;0
21776;99;114;13;16;12;0
21807;113;114;13;16;12;0
21809;127;114;13;16;12;0
21830;141;114;13;16;12;0
21839;155;114;13;16;12;0
21892;169;114;13;16;12;0
21978;183;114;13;16;12;0
22022;197;114;13;16;12;0
22120;211;114;13;16;12;0
22132;225;114;13;16;12;0
22209;239;114;13;16;12;0
22234;253;114;13;16;12;0
22235;267;114;13;16;12;0
22238;281;114;13;16;12;0
22243;295;114;13;16;12;0
22256;309;114;13;16;12;0
22258;323;114;13;16;12;0
22259;337;114;13;16;12;0
22266;351;114;13;16;12;0
22269;365;114;13;16;12;0
22290;379;114;13;16;12;0
22303;393;114;13;16;12;0
22311;407;114;13;16;12;0
22312;421;114;13;16;12;0
22320;435;114;13;16;12;0
22343;449;114;13;16;12;0
22346;463;114;13;16;12;0
22411;477;114;13;16;12;0
22434;491;114;13;16;12;0
22467;505;114;13;16;12;0
22475;519;114;13;16;12;0
22478;533;114;13;16;12;0
22495;547;114;13;16;12;0
22519;561;114;13;16;12;0
22522;575;114;13;16;12;0
22530;589;114;13;16;12;0
22570;603;114;13;16;12;0
22577;617;114;13;16;12;0
22580;631;114;13;16;12;0
22612;645;114;13;16;12;0
22659;659;114;13;16;12;0
22679;673;114;13;16;12;0
22721;687;114;13;16;12;0
22730;701;114;13;16;12;0
22732;715;114;13;16;12;0
22763;729;114;13;16;12;0
22768;743;114;13;16;12;0
22770;757;114;13;16;12;0
22793;771;114;13;16;12;0
22805;785;114;13;16;12;0
22806;799;114;13;16;12;0
22810;813;114;13;16;12;0
22812;827;114;13;16;12;0
22818;841;114;13;16;12;0
22823;855;114;13;16;12;0
22825;869;114;13;16;12;0
22826;883;114;13;16;12;0
22827;897;114;13;16;12;0
22833;911;114;13;16;12;0
22855;925;114;13;16;12;0
22863;939;114;13;16;12;0
22868;953;114;13;16;12;0
22885;967;114;13;16;12;0
22888;981;114;13;16;12;0
22899;995;114;13;16;12;0
22909;1009;114;13;16;12;0
22914;1;130;13;16;12;0
22934;15;130;13;16;12;0
22937;29;130;13;16;12;0
22949;43;130;13;16;12;0
22956;57;130;13;16;12;0
22987;71;130;13;16;12;0
23019;85;130;13;16;12;0
23039;99;130;13;16;12;0
23041;113;130;13;16;12;0
23064;127;130;13;16;12;0
23130;141;130;13;16;12;0
23241;155;130;13;16;12;0
23244;169;130;13;16;12;0
23265;183;130;13;16;12;0
23330;197;130;13;16;12;0
23376;211;130;13;16;12;0
23383;225;130;13;16;12;0
23384;239;130;13;16;12;0
23389;253;130;13;16;12;0
23395;267;130;13;16;12;0
23396;281;130;13;16;12;0
23398;295;130;13;16;12;0
23432;309;130;13;16;12;0
23433;323;130;13;16;12;0
23436;337;130;13;16;12;0
23448;351;130;13;16;12;0
23450;365;130;13;16;12;0
23453;379;130;13;16;12;0
23455;393;130;13;16;12;0
23458;407;130;13;16;12;0
23459;421;130;13;16;12;0
23460;435;130;13;16;12;0
23470;449;130;13;16;12;0
23475;463;130;13;16;12;0
23478;477;130;13;16;12;0
23481;491;130;13;16;12;0
23487;505;130;13;16;12;0
23490;519;130;13;16;12;0
23492;533;130;13;16;12;0
23494;547;130;13;16;12;0
23506;561;130;13;16;12;0
23515;575;130;13;16;12;0
23517;589;130;13;16;12;0
23519;603;130;13;16;12;0
23529;617;130;13;16;12;0
23534;631;130;13;16;12;0
23550;645;130;13;16;12;0
23553;659;130;13;16;12;0
23554;673;130;13;16;12;0
23556;687;130;13;16;12;0
23562;701;130;13;16;12;0
23566;715;130;13;16;12;0
23567;729;130;13;16;12;0
23569;743;130;13;16;12;0
23601;757;130;13;16;12;0
23611;771;130;13;16;12;0
23613;785;130;13;16;12;0
23614;799;130;13;16;12;0
23616;813;130;13;16;12;0
23621;827;130;13;16;12;0
23624;841;130;13;16;12;0
23626;855;130;13;16;12;0
23627;869;130;13;16;12;0
23637;883;130;13;16;12;0
23646;897;130;13;16;12;0
23665;911;130;13;16;12;0
23769;925;130;13;16;12;0
23798;939;130;13;16;12;0
23815;953;130;13;16;12;0
23849;967;130;13;16;12;0
24029;981;130;13;16;12;0
24035;995;130;13;16;12;0
24037;1009;130;13;16;12;0
24038;1;146;13;16;12;0
24040;15;146;13;16;12;0
24046;29;146;13;16;12;0
24059;43;146;13;16;12;0
24067;57;146;13;16;12;0
24076;71;146;13;16;12;0
24093;85;146;13;16;12;0
24107;99;146;13;16;12;0
24109;113;146;13;16;12;0
24111;127;146;13;16;12;0
24112;141;146;13;16;12;0
24115;155;146;13;16;12;0
24120;169;146;13;16;12;0
24125;183;146;13;16;12;0
24133;197;146;13;16;12;0
24149;211;146;13;16;12;0
24178;225;146;13;16;12;0
24179;239;146;13;16;12;0
24180;253;146;13;16;12;0
24184;267;146;13;16;12;0
24187;281;146;13;16;12;0
24190;295;146;13;16;12;0
24195;309;146;13;16;12;0
24202;323;146;13;16;12;0
24207;337;146;13;16;12;0
24213;351;146;13;16;12;0
24215;365;146;13;16;12;0
24230;379;146;13;16;12;0
24231;393;146;13;16;12;0
24235;407;146;13;16;12;0
24237;421;146;13;16;12;0
24247;435;146;13;16;12;0
24259;449;146;13;16;12;0
24310;463;146;13;16;12;0
24311;477;146;13;16;12;0
24314;491;146;13;16;12;0
24335;505;146;13;16;12;0
24341;519;146;13;16;12;0
24351;533;146;13;16;12;0
24358;547;146;13;16;12;0
24369;561;146;13;16;12;0
24373;575;146;13;16;12;0
24375;589;146;13;16;12;0
24382;603;146;13;16;12;0
24403;617;146;13;16;12;0
24418;631;146;13;16;12;0
24427;645;146;13;16;12;0
24433;659;146;13;16;12;0
24441;673;146;13;16;12;0
24444;687;146;13;16;12;0
24453;701;146;13;16;12;0
24459;715;146;13;16;12;0
24460;729;146;13;16;12;0
24466;743;146;13;16;12;0
24467;757;146;13;16;12;0
24471;771;146;13;16;12;0
24481;785;146;13;16;12;0
24489;799;146;13;16;12;0
24494;813;146;13;16;12;0
24499;827;146;13;16;12;0
24515;841;146;13;16;12;0
24517;855;146;13;16;12;0
24524;869;146;13;16;12;0
24525;883;146;13;16;12;0
24535;897;146;13;16;12;0
24536;911;146;13;16;12;0
24537;925;146;13;16;12;0
24540;939;146;13;16;12;0
24544;953;146;13;16;12;0
24555;967;146;13;16;12;0
24565;981;146;13;16;12;0
24594;995;146;13;16;12;0
24598;1009;146;13;16;12;0
24605;1;162;13;16;12;0
24608;15;162;13;16;12;0
24613;29;162;13;16;12;0
24615;43;162;13;16;12;0
24618;57;162;13;16;12;0
24651;71;162;13;16;12;0
24656;85;162;13;16;12;0
24677;99;162;13;16;12;0
24681;113;162;13;16;12;0
24687;127;162;13;16;12;0
24693;141;162;13;16;12;0
24724;155;162;13;16;12;0
24735;169;162;13;16;12;0
24746;183;162;13;16;12;0
24754;197;162;13;16;12;0
24773;211;162;13;16;12;0
24785;225;162;13;16;12;0
24816;239;162;13;16;12;0
24819;253;162;13;16;12;0
24841;267;162;13;16;12;0
24847;281;162;13;16;12;0
24858;295;162;13;16;12;0
24859;309;162;13;16;12;0
24863;323;162;13;16;12;0
24904;337;162;13;16;12;0
24907;351;162;13;16;12;0
24931;365;162;13;16;12;0
25014;379;162;13;16;12;0
25022;393;162;13;16;12;0
25104;407;162;13;16;12;0
25105;421;162;13;16;12;0
25126;435;162;13;16;12;0
25151;449;162;13;16;12;0
25152;463;162;13;16;12;0
25161;477;162;13;16;12;0
25163;491;162;13;16;12;0
25165;505;162;13;16;12;0
25171;519;162;13;16;12;0
25173;533;162;13;16;12;0
25201;547;162;13;16;12;0
25215;561;162;13;16;12;0
25216;575;162;13;16;12;0
25233;589;162;13;16;12;0
25237;603;162;13;16;12;0
25239;617;162;13;16;12;0
25240;631;162;13;16;12;0
25244;645;162;13;16;12;0
25246;659;162;13;16;12;0
25265;673;162;13;16;12;0
25269;687;162;13;16;12;0
25276;701;162;13;16;12;0
25285;715;162;13;16;12;0
25293;729;162;13;16;12;0
25296;743;162;13;16;12;0
25298;757;162;13;16;12;0
25307;771;162;13;16;12;0
25309;785;162;13;16;12;0
25312;799;162;13;16;12;0
25313;813;162;13;16;12;0
25335;827;162;13;16;12;0
25342;841;162;13;16;12;0
25345;855;162;13;16;12;0
25351;869;162;13;16;12;0
25361;883;162;13;16;12;0
25387;897;162;13;16;12;0
25391;911;162;13;16;12;0
25429;925;162;13;16;12;0
25448;939;162;13;16;12;0
25480;953;162;13;16;12;0
25490;967;162;13;16;12;0
25496;981;162;13;16;12;0
25499;995;162;13;16;12;0
25505;1009;162;13;16;12;0
25506;1;178;13;16;12;0
25509;15;178;13;16;12;0
25512;29;178;13;16;12;0
25522;43;178;13;16;12;0
25551;57;178;13;16;12;0
25552;71;178;13;16;12;0
25563;85;178;13;16;12;0
25569;99;178;13;16;12;0
25588;113;178;13;16;12;0
25594;127;178;13;16;12;0
25613;141;178;13;16;12;0
25658;155;178;13;16;12;0
25666;169;178;13;16;12;0
25731;183;178;13;16;12;0
25774;197;178;13;16;12;0
25805;211;178;13;16;12;0
25903;225;178;13;16;12;0
25913;239;178;13;16;12;0
25915;253;178;13;16;12;0
25918;267;178;13;16;12;0
25925;281;178;13;16;12;0
25935;295;178;13;16;12;0
25937;309;178;13;16;12;0
25943;323;178;13;16;12;0
25945;337;178;13;16;12;0
25955;351;178;13;16;12;0
25964;365;178;13;16;12;0
25968;379;178;13;16;12;0
25972;393;178;13;16;12;0
25973;407;178;13;16;12;0
25991;421;178;13;16;12;0
25998;435;178;13;16;12;0
26009;449;178;13;16;12;0
26023;463;178;13;16;12;0
26028;477;178;13;16;12;0
26029;491;178;13;16;12;0
26032;505;178;13;16;12;0
26041;519;178;13;16;12;0
26045;1;2;13;16;12;0
26053;547;178;13;16;12;0
26059;561;178;13;16;12;0
26063;575;178;13;16;12;0
26071;589;178;13;16;12;0
26082;603;178;13;16;12;0
26085;617;178;13;16;12;0
26089;631;178;13;16;12;0
26118;645;178;13;16;12;0
26119;659;178;13;16;12;0
26126;673;178;13;16;12;0
26132;687;178;13;16;12;0
26143;701;178;13;16;12;0
26144;715;178;13;16;12;0
26152;729;178;13;16;12;0
26172;743;178;13;16;12;0
26178;757;178;13;16;12;0
26217;771;178;13;16;12;0
26222;785;178;13;16;12;0
26223;799;178;13;16;12;0
26228;813;178;13;16;12;0
26230;827;178;13;16;12;0
26247;841;178;13;16;12;0
26262;855;178;13;16;12;0
26263;869;178;13;16;12;0
26286;883;178;13;16;12;0
26292;897;178;13;16;12;0
26354;911;178;13;16;12;0
26356;925;178;13;16;12;0
26360;939;178;13;16;12;0
26367;953;178;13;16;12;0
26368;967;178;13;16;12;0
26376;981;178;13;16;12;0
26377;995;178;13;16;12;0
26381;1009;178;13;16;12;0
26395;1;194;13;16;12;0
26397;15;194;13;16;12;0
26399;29;194;13;16;12;0
26408;43;194;13;16;12;0
26410;57;194;13;16;12;0
26411;71;194;13;16;12;0
26412;85;194;13;16;12;0
26413;99;194;13;16;12;0
26426;113;194;13;16;12;0
26448;127;194;13;16;12;0
26454;141;194;13;16;12;0
26463;155;194;13;16;12;0
26465;169;194;13;16;12;0
26469;183;194;13;16;12;0
26479;197;194;13;16;12;0
26481;211;194;13;16;12;0
26495;225;194;13;16;12;0
26512;239;194;13;16;12;0
26517;253;194;13;16;12;0
26519;267;194;13;16;12;0
26522;281;194;13;16;12;0
26524;295;194;13;16;12;0
26525;309;194;13;16;12;0
26528;323;194;13;16;12;0
26564;337;194;13;16;12;0
26576;351;194;13;16;12;0
26579;365;194;13;16;12;0
26609;379;194;13;16;12;0
26619;393;194;13;16;12;0
26628;407;194;13;16;12;0
26657;421;194;13;16;12;0
26666;435;194;13;16;12;0
26680;449;194;13;16;12;0
26681;463;194;13;16;12;0
26684;477;194;13;16;12;0
26691;491;194;13;16;12;0
26696;505;194;13;16;12;0
26800;519;194;13;16;12;0
26820;533;194;13;16;12;0
26834;547;194;13;16;12;0
26842;561;194;13;16;12;0
26862;575;194;13;16;12;0
26908;589;194;13;16;12;0
26989;603;194;13;16;12;0
26997;617;194;13;16;12;0
27005;631;194;13;16;12;0
27010;645;194;13;16;12;0
27083;659;194;13;16;12;0
27084;673;194;13;16;12;0
27096;687;194;13;16;12;0
27161;701;194;13;16;12;0
27169;715;194;13;16;12;0
27177;729;194;13;16;12;0
27178;743;194;13;16;12;0
27231;757;194;13;16;12;0
27424;771;194;13;16;12;0
27425;785;194;13;16;12;0
27442;799;194;13;16;12;0
27468;813;194;13;16;12;0
27475;827;194;13;16;12;0
27490;841;194;13;16;12;0
27491;855;194;13;16;12;0
27494;869;194;13;16;12;0
27497;883;194;13;16;12;0
27503;897;194;13;16;12;0
27507;911;194;13;16;12;0
27508;925;194;13;16;12;0
27515;939;194;13;16;12;0
27530;953;194;13;16;12;0
27531;967;194;13;16;12;0
27572;981;194;13;16;12;0
27573;995;194;13;16;12;0
27578;1009;194;13;16;12;0
27579;1;210;13;16;12;0
27583;15;210;13;16;12;0
27597;29;210;13;16;12;0
27598;43;210;13;16;12;0
27602;57;210;13;16;12;0
27604;71;210;13;16;12;0
27611;85;210;13;16;12;0
27663;99;210;13;16;12;0
27665;113;210;13;16;12;0
27671;127;210;13;16;12;0
27700;141;210;13;16;12;0
27703;155;210;13;16;12;0
27704;169;210;13;16;12;0
27713;183;210;13;16;12;0
27714;197;210;13;16;12;0
27735;211;210;13;16;12;0
27738;225;210;13;16;12;0
27770;239;210;13;16;12;0
27784;253;210;13;16;12;0
27788;267;210;13;16;12;0
27810;281;210;13;16;12;0
27833;295;210;13;16;12;0
27835;309;210;13;16;12;0
27836;323;210;13;16;12;0
27841;337;210;13;16;12;0
27849;351;210;13;16;12;0
27861;365;210;13;16;12;0
27873;379;210;13;16;12;0
27874;393;210;13;16;12;0
27875;407;210;13;16;12;0
27880;421;210;13;16;12;0
27888;435;210;13;16;12;0
27915;449;210;13;16;12;0
27927;463;210;13;16;12;0
27963;477;210;13;16;12;0
27966;491;210;13;16;12;0
27969;505;210;13;16;12;0
27972;519;210;13;16;12;0
27973;533;210;13;16;12;0
28014;547;210;13;16;12;0
28020;561;210;13;16;12;0
28023;575;210;13;16;12;0
28040;589;210;13;16;12;0
28057;603;210;13;16;12;0
28082;617;210;13;16;12;0
28107;631;210;13;16;12;0
28129;645;210;13;16;12;0
28145;659;210;13;16;12;0
28149;673;210;13;16;12;0
28151;687;210;13;16;12;0
28155;701;210;13;16;12;0
28165;715;210;13;16;12;0
28167;729;210;13;16;12;0
28168;743;210;13;16;12;0
28187;757;210;13;16;12;0
28193;771;210;13;16;12;0
28201;785;210;13;16;12;0
28204;799;210;13;16;12;0
28271;813;210;13;16;12;0
28288;827;210;13;16;12;0
28304;841;210;13;16;12;0
28310;855;210;13;16;12;0
28342;869;210;13;16;12;0
28357;883;210;13;16;12;0
28381;897;210;13;16;12;0
28404;911;210;13;16;12;0
28418;925;210;13;16;12;0
28436;939;210;13;16;12;0
28500;953;210;13;16;12;0
28526;967;210;13;16;12;0
28528;981;210;13;16;12;0
28608;995;210;13;16;12;0
28611;1009;210;13;16;12;0
28641;1;226;13;16;12;0
28734;15;226;13;16;12;0
28779;29;226;13;16;12;0
28783;43;226;13;16;12;0
28784;57;226;13;16;12;0
28797;71;226;13;16;12;0
28809;85;226;13;16;12;0
28814;99;226;13;16;12;0
28845;113;226;13;16;12;0
28857;127;226;13;16;12;0
28872;141;226;13;16;12;0
28937;155;226;13;16;12;0
28961;169;226;13;16;12;0
28982;183;226;13;16;12;0
28988;197;226;13;16;12;0
29017;211;226;13;16;12;0
29031;225;226;13;16;12;0
29087;239;226;13;16;12;0
29105;253;226;13;16;12;0
29123;267;226;13;16;12;0
29158;281;226;13;16;12;0
29190;295;226;13;16;12;0
29238;309;226;13;16;12;0
29255;323;226;13;16;12;0
29256;337;226;13;16;12;0
29273;351;226;13;16;12;0
29282;365;226;13;16;12;0
29289;379;226;13;16;12;0
29298;393;226;13;16;12;0
29305;407;226;13;16;12;0
29344;421;226;13;16;12;0
29359;435;226;13;16;12;0
29366;449;226;13;16;12;0
29378;463;226;13;16;12;0
29420;477;226;13;16;12;0
29421;491;226;13;16;12;0
29483;505;226;13;16;12;0
29508;519;226;13;16;12;0
29539;533;226;13;16;12;0
29554;547;226;13;16;12;0
29575;561;226;13;16;12;0
29577;575;226;13;16;12;0
29579;589;226;13;16;12;0
29694;603;226;13;16;12;0
29699;617;226;13;16;12;0
29702;631;226;13;16;12;0
29872;645;226;13;16;12;0
29976;659;226;13;16;12;0
29983;673;226;13;16;12;0
29987;687;226;13;16;12;0
29992;701;226;13;16;12;0
30001;715;226;13;16;12;0
30003;729;226;13;16;12;0
30007;743;226;13;16;12;0
30010;757;226;13;16;12;0
30011;771;226;13;16;12;0
30028;785;226;13;16;12;0
30033;799;226;13;16;12;0
30053;813;226;13;16;12;0
30058;827;226;13;16;12;0
30064;841;226;13;16;12;0
30097;855;226;13;16;12;0
30149;869;226;13;16;12;0
30151;883;226;13;16;12;0
30171;897;226;13;16;12;0
30274;911;226;13;16;12;0
30330;925;226;13;16;12;0
30331;939;226;13;16;12;0
30333;953;226;13;16;12;0
30334;967;226;13;16;12;0
30340;981;226;13;16;12;0
30342;995;226;13;16;12;0
30382;1009;226;13;16;12;0
30410;1;242;13;16;12;0
30423;15;242;13;16;12;0
30427;29;242;13;16;12;0
30436;43;242;13;16;12;0
30446;57;242;13;16;12;0
30452;71;242;13;16;12;0
30456;85;242;13;16;12;0
30475;99;242;13;16;12;0
30495;113;242;13;16;12;0
30496;127;242;13;16;12;0
30524;141;242;13;16;12;0
30528;155;242;13;16;12;0
30636;169;242;13;16;12;0
30643;183;242;13;16;12;0
30693;197;242;13;16;12;0
30701;211;242;13;16;12;0
30707;225;242;13;16;12;0
30722;239;242;13;16;12;0
30740;253;242;13;16;12;0
30741;267;242;13;16;12;0
30772;281;242;13;16;12;0
30828;295;242;13;16;12;0
30906;309;242;13;16;12;0
30952;323;242;13;16;12;0
31034;337;242;13;16;12;0
31036;351;242;13;16;12;0
31038;365;242;13;16;12;0
31048;379;242;13;16;12;0
31062;393;242;13;16;12;0
31070;407;242;13;16;12;0
31085;421;242;13;16;12;0
31105;435;242;13;16;12;0
31109;449;242;13;16;12;0
31119;463;242;13;16;12;0
31168;477;242;13;16;12;0
31169;491;242;13;16;12;0
31185;505;242;13;16;12;0
31186;519;242;13;16;12;0
31192;533;242;13;16;12;0
31209;547;242;13;16;12;0
31216;561;242;13;16;12;0
31227;575;242;13;16;12;0
31243;589;242;13;16;12;0
31246;603;242;13;16;12;0
31278;617;242;13;16;12;0
31292;631;242;13;16;12;0
31309;645;242;13;16;12;0
31311;659;242;13;16;12;0
31348;673;242;13;16;12;0
31350;687;242;13;16;12;0
31354;701;242;13;16;12;0
31361;715;242;13;16;12;0
31435;729;242;13;16;12;0
31452;743;242;13;16;12;0
31456;757;242;13;16;12;0
31471;771;242;13;16;12;0
31478;785;242;13;16;12;0
31505;799;242;13;16;12;0
31526;813;242;13;16;12;0
31532;827;242;13;16;12;0
31558;841;242;13;16;12;0
31561;855;242;13;16;12;0
31563;869;242;13;16;12;0
31568;883;242;13;16;12;0
31572;897;242;13;16;12;0
31574;911;242;13;16;12;0
31639;925;242;13;16;12;0
31649;939;242;13;16;12;0
31665;953;242;13;16;12;0
31680;967;242;13;16;12;0
31684;981;242;13;16;12;0
31689;995;242;13;16;12;0
31777;1009;242;13;16;12;0
31840;1;258;13;16;12;0
31881;15;258;13;16;12;0
31896;29;258;13;16;12;0
31934;43;258;13;16;12;0
31958;57;258;13;16;12;0
31992;71;258;13;16;12;0
31995;85;258;13;16;12;0
32000;99;258;13;16;12;0
32004;113;258;13;16;12;0
32005;127;258;13;16;12;0
32013;141;258;13;16;12;0
32020;155;258;13;16;12;0
32025;169;258;13;16;12;0
32026;183;258;13;16;12;0
32032;197;258;13;16;12;0
32048;211;258;13;16;12;0
32066;225;258;13;16;12;0
32068;239;258;13;16;12;0
32070;253;258;13;16;12;0
32076;267;258;13;16;12;0
32080;281;258;13;16;12;0
32102;295;258;13;16;12;0
32113;309;258;13;16;12;0
32117;323;258;13;16;12;0
32118;337;258;13;16;12;0
32153;351;258;13;16;12;0
32154;365;258;13;16;12;0
32191;379;258;13;16;12;0
32202;393;258;13;16;12;0
32207;407;258;13;16;12;0
32209;421;258;13;16;12;0
32218;435;258;13;16;12;0
32224;449;258;13;16;12;0
32232;463;258;13;16;12;0
32244;477;258;13;16;12;0
32257;491;258;13;16;12;0
32260;505;258;13;16;12;0
32302;519;258;13;16;12;0
32318;533;258;13;16;12;0
32321;547;258;13;16;12;0
32566;561;258;13;16;12;0
32618;575;258;13;16;12;0
32622;589;258;13;16;12;0
32624;603;258;13;16;12;0
32626;617;258;13;16;12;0
32650;631;258;13;16;12;0
32654;645;258;13;16;12;0
32676;659;258;13;16;12;0
32680;673;258;13;16;12;0
32681;687;258;13;16;12;0
32701;701;258;13;16;12;0
32722;715;258;13;16;12;0
32763;729;258;13;16;12;0
32769;743;258;13;16;12;0
32771;757;258;13;16;12;0
32773;771;258;13;16;12;0
32784;785;258;13;16;12;0
32819;799;258;13;16;12;0
32854;813;258;13;16;12;0
32862;827;258;13;16;12;0
32884;841;258;13;16;12;0
32887;855;258;13;16;12;0
32905;869;258;13;16;12;0
32908;883;258;13;16;12;0
32930;897;258;13;16;12;0
32937;911;258;13;16;12;0
32946;925;258;13;16;12;0
32963;939;258;13;16;12;0
32966;953;258;13;16;12;0
32972;967;258;13;16;12;0
32990;981;258;13;16;12;0
33012;995;258;13;16;12;0
33016;1009;258;13;16;12;0
33021;1;274;13;16;12;0
33032;15;274;13;16;12;0
33050;29;274;13;16;12;0
33073;43;274;13;16;12;0
33104;57;274;13;16;12;0
33109;71;274;13;16;12;0
33136;85;274;13;16;12;0
33145;99;274;13;16;12;0
33180;113;274;13;16;12;0
33192;127;274;13;16;12;0
33235;141;274;13;16;12;0
33251;155;274;13;16;12;0
33256;169;274;13;16;12;0
33258;183;274;13;16;12;0
33261;197;274;13;16;12;0
33268;211;274;13;16;12;0
33288;225;274;13;16;12;0
33292;239;274;13;16;12;0
33310;253;274;13;16;12;0
33311;267;274;13;16;12;0
33337;281;274;13;16;12;0
33391;295;274;13;16;12;0
33394;309;274;13;16;12;0
33455;323;274;13;16;12;0
33457;337;274;13;16;12;0
33464;351;274;13;16;12;0
33509;365;274;13;16;12;0
33510;379;274;13;16;12;0
33590;393;274;13;16;12;0
33609;407;274;13;16;12;0
33624;421;274;13;16;12;0
33655;435;274;13;16;12;0
33740;449;274;13;16;12;0
33747;463;274;13;16;12;0
33775;477;274;13;16;12;0
33853;491;274;13;16;12;0
33865;505;274;13;16;12;0
33879;519;274;13;16;12;0
34101;533;274;13;16;12;0
34180;547;274;13;16;12;0
34220;561;274;13;16;12;0
34384;575;274;13;16;12;0
34394;589;274;13;16;12;0
34411;603;274;13;16;12;0
34425;617;274;13;16;12;0
34509;631;274;13;16;12;0
34521;645;274;13;16;12;0
34542;659;274;13;16;12;0
34588;673;274;13;16;12;0
34678;687;274;13;16;12;0
34701;701;274;13;16;12;0
34880;715;274;13;16;12;0
34892;729;274;13;16;12;0
34899;743;274;13;16;12;0
34903;757;274;13;16;12;0
34909;771;274;13;16;12;0
34913;785;274;13;16;12;0
34915;799;274;13;16;12;0
34920;813;274;13;16;12;0
34987;827;274;13;16;12;0
35009;841;274;13;16;12;0
35010;855;274;13;16;12;0
35013;869;274;13;16;12;0
35023;883;274;13;16;12;0
35029;897;274;13;16;12;0
35036;911;274;13;16;12;0
35069;925;274;13;16;12;0
35079;939;274;13;16;12;0
35090;953;274;13;16;12;0
35186;967;274;13;16;12;0
35199;981;274;13;16;12;0
35201;995;274;13;16;12;0
35206;1009;274;13;16;12;0
35207;1;290;13;16;12;0
35211;15;290;13;16;12;0
35222;29;290;13;16;12;0
35226;43;290;13;16;12;0
35239;57;290;13;16;12;0
35242;71;290;13;16;12;0
35251;85;290;13;16;12;0
35282;99;290;13;16;12;0
35299;113;290;13;16;12;0
35302;127;290;13;16;12;0
35328;141;290;13;16;12;0
35336;155;290;13;16;12;0
35342;169;290;13;16;12;0
35347;183;290;13;16;12;0
35352;197;290;13;16;12;0
35370;211;290;13;16;12;0
35373;225;290;13;16;12;0
35377;239;290;13;16;12;0
35379;253;290;13;16;12;0
35388;267;290;13;16;12;0
35413;281;290;13;16;12;0
35422;295;290;13;16;12;0
35430;309;290;13;16;12;0
35433;323;290;13;16;12;0
35440;337;290;13;16;12;0
35441;351;290;13;16;12;0
35463;365;290;13;16;12;0
35465;379;290;13;16;12;0
35469;393;290;13;16;12;0
35475;407;290;13;16;12;0
35477;421;290;13;16;12;0
35480;435;290;13;16;12;0
35486;449;290;13;16;12;0
35488;463;290;13;16;12;0
35492;477;290;13;16;12;0
35500;491;290;13;16;12;0
35501;505;290;13;16;12;0
35504;519;290;13;16;12;0
35519;533;290;13;16;12;0
35527;547;290;13;16;12;0
35531;561;290;13;16;12;0
35613;575;290;13;16;12;0
35672;589;290;13;16;12;0
35676;603;290;13;16;12;0
35686;617;290;13;16;12;0
35696;631;290;13;16;12;0
35703;645;290;13;16;12;0
35937;659;290;13;16;12;0
35946;673;290;13;16;12;0
36000;687;290;13;16;12;0
36001;701;290;13;16;12;0
36008;715;290;13;16;12;0
36009;729;290;13;16;12;0
36012;743;290;13;16;12;0
36015;757;290;13;16;12;0
36020;771;290;13;16;12;0
36023;785;290;13;16;12;0
36024;799;290;13;16;12;0
36027;813;290;13;16;12;0
36039;827;290;13;16;12;0
36062;841;290;13;16;12;0
36066;855;290;13;16;12;0
36074;869;290;13;16;12;0
36077;883;290;13;16;12;0
36104;897;290;13;16;12;0
36196;911;290;13;16;12;0
36208;925;290;13;16;12;0
36212;939;290;13;16;12;0
36215;953;290;13;16;12;0
36229;967;290;13;16;12;0
36234;981;290;13;16;12;0
36259;995;290;13;16;12;0
36275;1009;290;13;16;12;0
36321;1;306;13;16;12;0
36335;15;306;13;16;12;0
36339;29;306;13;16;12;0
36362;43;306;13;16;12;0
36367;57;306;13;16;12;0
36523;71;306;13;16;12;0
36554;85;306;13;16;12;0
36557;99;306;13;16;12;0
36562;113;306;13;16;12;0
36578;127;306;13;16;12;0
36605;141;306;13;16;12;0
36637;155;306;13;16;12;0
36649;169;306;13;16;12;0
36650;183;306;13;16;12;0
36763;197;306;13;16;12;0
36785;211;306;13;16;12;0
36794;225;306;13;16;12;0
36796;239;306;13;16;12;0
36814;253;306;13;16;12;0
36817;267;306;13;16;12;0
36820;281;306;13;16;12;0
36855;295;306;13;16;12;0
36861;309;306;13;16;12;0
36864;323;306;13;16;12;0
36865;337;306;13;16;12;0
36867;351;306;13;16;12;0
36870;365;306;13;16;12;0
36879;379;306;13;16;12;0
36884;393;306;13;16;12;0
36889;407;306;13;16;12;0
36890;421;306;13;16;12;0
36895;435;306;13;16;12;0
36896;449;306;13;16;12;0
36899;463;306;13;16;12;0
36914;477;306;13;16;12;0
36920;491;306;13;16;12;0
36930;505;306;13;16;12;0
36933;519;306;13;16;12;0
36938;533;306;13;16;12;0
36939;547;306;13;16;12;0
36942;561;306;13;16;12;0
36947;575;306;13;16;12;0
36948;589;306;13;16;12;0
36949;603;306;13;16;12;0
36960;617;306;13;16;12;0
36969;631;306;13;16;12;0
36974;645;306;13;16;12;0
36984;659;306;13;16;12;0
36986;673;306;13;16;12;0
37034;687;306;13;16;12;0
37048;701;306;13;16;12;0
37070;715;306;13;16;12;0
37096;729;306;13;16;12;0
37117;743;306;13;16;12;0
37197;757;306;13;16;12;0
37204;771;306;13;16;12;0
37237;785;306;13;16;12;0
37239;799;306;13;16;12;0
37240;813;306;13;16;12;0
37266;827;306;13;16;12;0
37276;841;306;13;16;12;0
37320;855;306;13;16;12;0
37324;869;306;13;16;12;0
37325;883;306;13;16;12;0
37326;897;306;13;16;12;0
37327;911;306;13;16;12;0
37329;925;306;13;16;12;0
37341;939;306;13;16;12;0
37347;953;306;13;16;12;0
37444;967;306;13;16;12;0
37467;981;306;13;16;12;0
37504;995;306;13;16;12;0
37507;1009;306;13;16;12;0
37549;1;322;13;16;12;0
37628;15;322;13;16;12;0
37676;29;322;13;16;12;0
37682;43;322;13;16;12;0
37723;57;322;13;16;12;0
37749;71;322;13;16;12;0
37857;85;322;13;16;12;0
37912;99;322;13;16;12;0
37969;113;322;13;16;12;0
38263;127;322;13;16;12;0
38281;141;322;13;16;12;0
38283;155;322;13;16;12;0
38289;169;322;13;16;12;0
38291;183;322;13;16;12;0
38306;197;322;13;16;12;0
38343;211;322;13;16;12;0
38360;225;322;13;16;12;0
38450;239;322;13;16;12;0
38459;253;322;13;16;12;0
38477;267;322;13;16;12;0
38480;281;322;13;16;12;0
38491;295;322;13;16;12;0
38498;309;322;13;16;12;0
38500;323;322;13;16;12;0
38512;337;322;13;16;12;0
38522;351;322;13;16;12;0
38525;365;322;13;16;12;0
38538;379;322;13;16;12;0
38542;393;322;13;16;12;0
38548;407;322;13;16;12;0
38555;421;322;13;16;12;0
38556;435;322;13;16;12;0
38560;449;322;13;16;12;0
38587;463;322;13;16;12;0
38596;477;322;13;16;12;0
38597;491;322;13;16;12;0
38598;505;322;13;16;12;0
38609;519;322;13;16;12;0
38626;533;322;13;16;12;0
38627;547;322;13;16;12;0
38632;561;322;13;16;12;0
38634;575;322;13;16;12;0
38640;589;322;13;16;12;0
38642;603;322;13;16;12;0
38647;617;322;13;16;12;0
38651;631;322;13;16;12;0
38663;645;322;13;16;12;0
38666;659;322;13;16;12;0
38695;673;322;13;16;12;0
38738;687;322;13;16;12;0
38745;701;322;13;16;12;0
38750;715;322;13;16;12;0
38754;729;322;13;16;12;0
38899;743;322;13;16;12;0
38911;757;322;13;16;12;0
38913;771;322;13;16;12;0
38914;785;322;13;16;12;0
38915;799;322;13;16;12;0
38917;813;322;13;16;12;0
38918;827;322;13;16;12;0
38928;841;322;13;16;12;0
38929;855;322;13;16;12;0
38936;869;322;13;16;12;0
38957;883;322;13;16;12;0
38972;897;322;13;16;12;0
38988;911;322;13;16;12;0
38989;925;322;13;16;12;0
38996;939;322;13;16;12;0
38997;953;322;13;16;12;0
39000;967;322;13;16;12;0
39006;981;322;13;16;12;0
39015;995;322;13;16;12;0
39080;1009;322;13;16;12;0
39131;1;338;13;16;12;0
39135;15;338;13;16;12;0
39154;29;338;13;16;12;0
39164;43;338;13;16;12;0
39165;57;338;13;16;12;0
39166;71;338;13;16;12;0
39178;533;178;13;16;12;0
39208;15;66;13;16;12;0
39318;421;18;13;16;12;0
39321;407;18;13;16;12;0
39340;393;18;13;16;12;0
39364;365;18;13;16;12;0
39366;351;18;13;16;12;0
39378;337;18;13;16;12;0
39438;323;18;13;16;12;0
39442;309;18;13;16;12;0
39443;295;18;13;16;12;0
39514;281;18;13;16;12;0
39592;267;18;13;16;12;0
39640;253;18;13;16;12;0
39658;239;18;13;16;12;0
39661;225;18;13;16;12;0
39740;211;18;13;16;12;0
39746;197;18;13;16;12;0
39764;183;18;13;16;12;0
39854;169;18;13;16;12;0
40165;155;18;13;16;12;0
40180;141;18;13;16;12;0
40199;127;18;13;16;12;0
40644;113;18;13;16;12;0
40658;99;18;13;16;12;0
40665;85;18;13;16;12;0
40723;71;18;13;16;12;0
40736;57;18;13;16;12;0
40763;43;18;13;16;12;0
65281;29;18;13;16;12;0
65284;15;18;13;16;12;0
65285;1;18;13;16;12;0
65286;1009;2;13;16;12;0
65288;995;2;13;16;12;0
65289;981;2;13;16;12;0
65290;967;2;13;16;12;0
65291;953;2;13;16;12;0
65295;939;2;13;16;12;0
65296;925;2;13;16;12;0
65297;911;2;13;16;12;0
65298;897;2;13;16;12;0
65299;883;2;13;16;12;0
65300;869;2;13;16;12;0
65301;855;2;13;16;12;0
65302;841;2;13;16;12;0
65303;827;2;13;16;12;0
65304;813;2;13;16;12;0
65305;799;2;13;16;12;0
65306;785;2;13;16;12;0
65309;771;2;13;16;12;0
65311;757;2;13;16;12;0
65313;743;2;13;16;12;0
65314;729;2;13;16;12;0
65315;715;2;13;16;12;0
65316;701;2;13;16;12;0
65317;687;2;13;16;12;0
65318;673;2;13;16;12;0
65319;659;2;13;16;12;0
65320;645;2;13;16;12;0
65321;631;2;13;16;12;0
65322;617;2;13;16;12;0
65323;603;2;13;16;12;0
65324;589;2;13;16;12;0
65325;575;2;13;16;12;0
65326;561;2;13;16;12;0
65327;547;2;13;16;12;0
65328;533;2;13;16;12;0
65329;519;2;13;16;12;0
65330;505;2;13;16;12;0
65331;491;2;13;16;12;0
65332;477;2;13;16;12;0
65333;463;2;13;16;12;0
65334;449;2;13;16;12;0
65335;435;2;13;16;12;0
65336;421;2;13;16;12;0
65337;407;2;13;16;12;0
65338;393;2;13;16;12;0
65344;379;2;13;16;12;0
65345;365;2;13;16;12;0
65346;351;2;13;16;12;0
65347;337;2;13;16;12;0
65348;323;2;13;16;12;0
65349;309;2;13;16;12;0
65350;295;2;13;16;12;0
65351;281;2;13;16;12;0
65352;267;2;13;16;12;0
65353;253;2;13;16;12;0
65354;239;2;13;16;12;0
65355;225;2;13;16;12;0
65356;211;2;13;16;12;0
65357;197;2;13;16;12;0
65358;183;2;13;16;12;0
65359;169;2;13;16;12;0
65360;155;2;13;16;12;0
65361;141;2;13;16;12;0
65362;127;2;13;16;12;0
65363;113;2;13;16;12;0
65364;99;2;13;16;12;0
65365;85;2;13;16;12;0
65366;71;2;13;16;12;0
65367;57;2;13;16;12;0
65368;43;2;13;16;12;0
65369;29;2;13;16;12;0
65370;15;2;13;16;12;0
65374;85;338;13;16;12;0
65381;946;338;7;16;6;0
65383;954;338;7;16;6;0
65384;962;338;7;16;6;0
65388;970;338;7;16;6;0
65390;978;338;7;16;6;0
65391;986;338;7;16;6;0
65392;994;338;7;16;6;0
65393;1002;338;7;16;6;0
65398;1010;338;7;16;6;0
65399;1;354;7;16;6;0
65400;9;354;7;16;6;0
65402;17;354;7;16;6;0
65404;25;354;7;16;6;0
65405;33;354;7;16;6;0
65406;41;354;7;16;6;0
65407;49;354;7;16;6;0
65408;57;354;7;16;6;0
65409;65;354;7;16;6;0
65411;73;354;7;16;6;0
65412;81;354;7;16;6;0
65413;89;354;7;16;6;0
65417;97;354;7;16;6;0
65418;105;354;7;16;6;0
65419;113;354;7;16;6;0
65420;121;354;7;16;6;0
65421;129;354;7;16;6;0
65423;137;354;7;16;6;0
65424;145;354;7;16;6;0
65426;153;354;7;16;6;0
65430;161;354;7;16;6;0
65431;169;354;7;16;6;0
65432;146;338;7;16;6;0
65433;138;338;7;16;6;0
65435;170;338;7;16;6;0
65436;162;338;7;16;6;0
65437;154;338;7;16;6;0
65438;186;338;7;16;6;0
65439;177;354;7;16;6;0
