"JF-Dot-Shinonome14.ttf";28;False;False;0;1;1;1
32;99;695;1;33;14;0
33;85;695;5;33;14;5
34;2036;629;11;33;14;2
35;1588;662;11;33;14;2
36;824;662;13;33;14;0
37;810;662;13;33;14;0
38;796;662;13;33;14;0
39;72;695;6;33;14;4
40;1966;662;9;33;14;4
41;1893;662;10;33;14;2
42;1612;662;11;33;14;2
43;1624;662;11;33;14;2
44;58;695;6;33;14;4
45;1660;662;11;33;14;2
46;65;695;6;33;14;4
47;656;662;13;33;14;0
48;1286;662;13;33;14;0
49;1672;662;11;33;14;2
50;614;662;13;33;14;0
51;600;662;13;33;14;0
52;586;662;13;33;14;0
53;572;662;13;33;14;0
54;558;662;13;33;14;0
55;530;662;13;33;14;0
56;516;662;13;33;14;0
57;502;662;13;33;14;0
58;9;695;6;33;14;4
59;16;695;6;33;14;4
60;1696;662;11;33;14;2
61;1482;662;13;33;14;0
62;1708;662;11;33;14;2
63;418;662;13;33;14;0
64;390;662;13;33;14;0
65;376;662;13;33;14;0
66;362;662;13;33;14;0
67;348;662;13;33;14;0
68;334;662;13;33;14;0
69;320;662;13;33;14;0
70;306;662;13;33;14;0
71;292;662;13;33;14;0
72;278;662;13;33;14;0
73;1995;662;8;33;14;4
74;1538;662;12;33;14;0
75;488;662;13;33;14;0
76;628;662;13;33;14;0
77;684;662;13;33;14;0
78;712;662;13;33;14;0
79;1104;662;13;33;14;0
80;1202;662;13;33;14;0
81;1258;662;13;33;14;0
82;404;662;13;33;14;0
83;642;662;13;33;14;0
84;137;662;15;33;14;0
85;838;662;13;33;14;0
86;866;662;13;33;14;0
87;1732;662;11;33;14;2
88;978;662;13;33;14;0
89;1744;662;11;33;14;2
90;1048;662;13;33;14;0
91;1926;662;9;33;14;4
92;1756;662;11;33;14;2
93;1827;662;10;33;14;2
94;432;662;13;33;14;0
95;446;662;13;33;14;0
96;51;695;6;33;14;4
97;544;662;13;33;14;0
98;670;662;13;33;14;0
99;740;662;13;33;14;0
100;754;662;13;33;14;0
101;880;662;13;33;14;0
102;908;662;13;33;14;0
103;922;662;13;33;14;0
104;950;662;13;33;14;0
105;44;695;6;33;14;4
106;1816;662;10;33;14;2
107;1426;662;13;33;14;0
108;37;695;6;33;14;4
109;1792;662;11;33;14;2
110;1468;662;13;33;14;0
111;1496;662;13;33;14;0
112;1454;662;13;33;14;0
113;1384;662;13;33;14;0
114;1370;662;13;33;14;0
115;1342;662;13;33;14;0
116;1314;662;13;33;14;0
117;1272;662;13;33;14;0
118;1804;662;11;33;14;2
119;1780;662;11;33;14;2
120;1244;662;13;33;14;0
121;1230;662;13;33;14;0
122;1160;662;13;33;14;0
123;1936;662;9;33;14;4
124;91;695;5;33;14;5
125;1838;662;10;33;14;2
126;169;662;15;33;14;0
160;97;695;1;33;14;0
180;1976;662;9;33;28;10
183;23;695;6;33;14;4
215;361;596;23;33;28;4
969;139;629;22;33;28;4
8213;151;2;29;33;28;0
8217;1986;662;8;33;28;2
8220;233;662;15;33;28;12
8221;217;662;15;33;28;2
8230;323;629;22;33;28;4
8592;131;563;25;33;28;2
8593;69;662;16;33;28;8
8594;53;563;25;33;28;2
8595;35;662;16;33;28;8
8704;457;596;23;33;28;4
9651;481;596;23;33;28;4
9733;1093;35;27;33;28;2
9834;1870;629;18;33;28;8
9839;1630;629;19;33;28;5
12288;2045;662;1;33;28;0
12289;2004;662;8;33;28;2
12290;1904;662;10;33;28;2
12293;613;629;21;33;28;5
12300;1174;662;13;33;28;14
12301;1188;662;13;33;28;2
12302;153;662;15;33;28;12
12303;185;662;15;33;28;2
12353;162;629;22;33;28;4
12354;649;596;23;33;28;4
12355;723;629;21;33;28;5
12356;673;596;23;33;28;4
12357;1300;662;13;33;28;8
12358;1287;629;20;33;28;4
12359;745;629;21;33;28;5
12360;697;596;23;33;28;4
12361;1224;629;20;33;28;4
12362;1899;530;25;33;28;4
12363;1665;530;25;33;28;2
12364;1709;35;27;33;28;2
12365;811;629;21;33;28;5
12366;769;596;23;33;28;4
12367;1412;662;13;33;28;8
12368;1430;629;19;33;28;8
12369;1535;530;25;33;28;4
12370;911;530;25;33;28;4
12371;943;629;21;33;28;5
12372;1788;563;24;33;28;5
12373;965;629;21;33;28;5
12374;1738;563;24;33;28;5
12375;1927;629;18;33;28;8
12376;1889;629;18;33;28;8
12377;1369;596;23;33;28;4
12378;1346;497;25;33;28;4
12379;852;497;25;33;28;2
12380;113;68;27;33;28;2
12381;1609;596;22;33;28;4
12382;1587;563;25;33;28;4
12383;1561;596;23;33;28;4
12384;722;497;25;33;28;4
12385;1632;596;22;33;28;4
12386;1320;497;25;33;28;4
12387;1655;596;22;33;28;4
12388;1424;497;25;33;28;2
12389;365;68;27;33;28;2
12390;1450;497;25;33;28;2
12391;421;68;27;33;28;2
12392;1053;629;21;33;28;5
12393;1663;563;24;33;28;5
12394;1321;596;23;33;28;4
12395;1297;596;23;33;28;4
12396;1658;497;25;33;28;2
12397;1736;497;25;33;28;2
12398;1225;596;23;33;28;4
12399;79;530;25;33;28;4
12400;673;68;27;33;28;2
12401;701;68;27;33;28;2
12402;1153;596;23;33;28;4
12403;339;530;25;33;28;4
12404;365;530;25;33;28;4
12405;813;68;27;33;28;2
12406;841;68;27;33;28;2
12407;869;68;27;33;28;2
12408;897;68;27;33;28;2
12409;925;68;27;33;28;2
12410;953;68;27;33;28;2
12411;417;530;25;33;28;4
12412;1009;68;27;33;28;2
12413;1037;68;27;33;28;2
12414;1009;629;21;33;28;5
12415;1093;68;27;33;28;2
12416;469;530;25;33;28;4
12417;573;530;25;33;28;2
12418;937;596;23;33;28;4
12419;1793;596;22;33;28;4
12420;807;530;25;33;28;2
12421;1839;596;22;33;28;4
12422;817;596;23;33;28;4
12423;1450;629;19;33;28;5
12424;1931;596;22;33;28;4
12425;789;629;21;33;28;5
12426;2019;629;16;33;28;8
12427;1;629;22;33;28;4
12428;1457;68;27;33;28;2
12429;93;629;22;33;28;4
12430;635;629;21;33;28;5
12431;1925;530;25;33;28;2
12432;601;596;23;33;28;4
12433;27;563;25;33;28;2
12434;1465;596;23;33;28;4
12435;505;596;23;33;28;4
12443;1882;662;10;33;28;2
12444;1871;662;10;33;28;2
12449;1830;629;19;33;28;5
12450;1838;563;24;33;28;2
12451;1790;629;19;33;28;5
12452;1161;629;20;33;28;4
12453;1370;629;19;33;28;5
12454;1678;596;22;33;28;4
12455;1031;629;21;33;28;5
12456;265;596;23;33;28;4
12457;1410;629;19;33;28;5
12458;217;596;23;33;28;4
12459;1747;596;22;33;28;4
12460;625;563;25;33;28;4
12461;121;596;23;33;28;4
12462;651;563;25;33;28;4
12463;987;629;21;33;28;5
12464;729;563;25;33;28;4
12465;25;596;23;33;28;4
12466;833;563;25;33;28;4
12467;1770;596;22;33;28;4
12468;225;101;27;33;28;2
12469;1067;563;25;33;28;2
12470;281;101;27;33;28;2
12471;1816;596;22;33;28;5
12472;1913;563;24;33;28;5
12473;1888;563;24;33;28;2
12474;393;101;27;33;28;2
12475;409;596;23;33;28;4
12476;1119;563;25;33;28;4
12477;921;629;21;33;28;5
12478;1763;563;24;33;28;5
12479;1885;596;22;33;28;4
12480;1249;563;25;33;28;4
12481;1688;563;24;33;28;2
12482;617;101;27;33;28;2
12483;1690;629;19;33;28;5
12484;1908;596;22;33;28;5
12485;701;101;27;33;28;2
12486;1417;596;23;33;28;4
12487;1509;563;25;33;28;4
12488;249;662;14;33;28;10
12489;1908;629;18;33;28;8
12490;1585;596;23;33;28;4
12491;1483;563;25;33;28;2
12492;1638;563;24;33;28;2
12493;1345;596;23;33;28;4
12494;1140;629;20;33;28;4
12495;1379;563;25;33;28;2
12496;1009;101;27;33;28;2
12497;1037;101;27;33;28;2
12498;833;629;21;33;28;5
12499;1954;596;22;33;28;5
12500;1977;596;22;33;28;5
12501;24;629;22;33;28;4
12502;1177;101;27;33;28;2
12503;1205;101;27;33;28;2
12504;1233;101;27;33;28;2
12505;1261;101;27;33;28;2
12506;1289;101;27;33;28;2
12507;1249;596;23;33;28;4
12508;1223;563;25;33;28;4
12509;1197;563;25;33;28;4
12510;1033;596;23;33;28;4
12511;1590;629;19;33;28;5
12512;529;596;23;33;28;4
12513;116;629;22;33;28;4
12514;289;596;23;33;28;4
12515;701;629;21;33;28;5
12516;2012;563;23;33;28;4
12517;679;629;21;33;28;5
12518;963;563;25;33;28;2
12519;1006;662;13;33;28;8
12520;1266;629;20;33;28;4
12521;277;629;22;33;28;4
12522;103;662;16;33;28;8
12523;1;596;23;33;28;4
12524;1946;629;18;33;28;8
12525;369;629;22;33;28;4
12526;1965;629;18;33;28;8
12527;392;629;22;33;28;4
12528;73;596;23;33;28;4
12529;677;563;25;33;28;2
12530;437;629;21;33;28;5
12531;300;629;22;33;28;5
12532;599;563;25;33;28;4
12533;1510;629;19;33;28;5
12534;1329;629;20;33;28;4
12535;0;1;1;33;0;0
12539;2021;662;7;33;28;12
12540;1963;563;24;33;28;2
19968;141;134;27;33;28;2
19975;169;134;27;33;28;2
19976;197;134;27;33;28;2
19977;225;134;27;33;28;2
19978;253;134;27;33;28;2
19979;281;134;27;33;28;2
19981;309;134;27;33;28;2
19982;337;134;27;33;28;2
19990;365;134;27;33;28;2
20001;393;134;27;33;28;2
20006;421;134;27;33;28;2
20013;313;596;23;33;28;4
20024;477;134;27;33;28;2
20027;505;134;27;33;28;2
20055;533;134;27;33;28;2
20081;561;134;27;33;28;2
20083;589;134;27;33;28;2
20096;617;134;27;33;28;2
20102;2023;596;22;33;28;4
20104;673;134;27;33;28;2
20105;701;134;27;33;28;2
20107;729;134;27;33;28;2
20108;757;134;27;33;28;2
20114;785;134;27;33;28;2
20116;813;134;27;33;28;2
20117;841;134;27;33;28;2
20132;869;134;27;33;28;2
20154;897;134;27;33;28;2
20161;925;134;27;33;28;2
20170;953;134;27;33;28;2
20181;981;134;27;33;28;2
20182;1009;134;27;33;28;2
20184;1037;134;27;33;28;2
20195;1065;134;27;33;28;2
20196;1093;134;27;33;28;2
20197;1121;134;27;33;28;2
20206;1149;134;27;33;28;2
20208;391;563;25;33;28;2
20210;1205;134;27;33;28;2
20214;1233;134;27;33;28;2
20219;1261;134;27;33;28;2
20241;1289;134;27;33;28;2
20250;1317;134;27;33;28;2
20253;1345;134;27;33;28;2
20280;365;563;25;33;28;2
20284;1401;134;27;33;28;2
20301;1429;134;27;33;28;2
20302;1457;134;27;33;28;2
20303;1485;134;27;33;28;2
20307;1513;134;27;33;28;2
20309;1541;134;27;33;28;2
20313;1569;134;27;33;28;2
20316;1597;134;27;33;28;2
20351;1625;134;27;33;28;2
20363;339;563;25;33;28;2
20381;1681;134;27;33;28;2
20385;1709;134;27;33;28;2
20405;1737;134;27;33;28;2
20418;1765;134;27;33;28;2
20419;1793;134;27;33;28;2
20439;1821;134;27;33;28;2
20445;1849;134;27;33;28;2
20449;1877;134;27;33;28;2
20462;1905;134;27;33;28;2
20489;1933;134;27;33;28;2
20491;313;563;25;33;28;2
20493;1989;134;27;33;28;2
20498;287;563;25;33;28;2
20505;1;167;27;33;28;2
20511;29;167;27;33;28;2
20516;57;167;27;33;28;2
20553;85;167;27;33;28;2
20572;113;167;27;33;28;2
20581;141;167;27;33;28;2
20596;261;563;25;33;28;2
20598;235;563;25;33;28;2
20605;225;167;27;33;28;2
20625;253;167;27;33;28;2
20633;281;167;27;33;28;2
20663;309;167;27;33;28;2
20670;337;167;27;33;28;2
20685;209;563;25;33;28;2
20687;393;167;27;33;28;2
20693;421;167;27;33;28;2
20711;183;563;25;33;28;2
20736;477;167;27;33;28;2
20740;505;167;27;33;28;2
20778;533;167;27;33;28;2
20803;561;167;27;33;28;2
20804;157;563;25;33;28;2
20805;617;167;27;33;28;2
20806;645;167;27;33;28;2
20808;673;167;27;33;28;2
20809;701;167;27;33;28;2
20813;729;167;27;33;28;2
20814;757;167;27;33;28;2
20826;785;167;27;33;28;2
20837;813;167;27;33;28;2
20840;841;167;27;33;28;2
20844;869;167;27;33;28;2
20849;897;167;27;33;28;2
20853;925;167;27;33;28;2
20855;953;167;27;33;28;2
20856;981;167;27;33;28;2
20869;433;596;23;33;28;4
20870;553;596;23;33;28;4
20874;1065;167;27;33;28;2
20877;1093;167;27;33;28;2
20882;577;596;23;33;28;4
20887;2003;530;25;33;28;2
20889;1177;167;27;33;28;2
20896;1205;167;27;33;28;2
20918;1233;167;27;33;28;2
20919;1261;167;27;33;28;2
20941;1977;530;25;33;28;4
20957;1317;167;27;33;28;2
20966;1345;167;27;33;28;2
20982;1951;530;25;33;28;2
20986;625;596;23;33;28;4
20992;721;596;23;33;28;4
20995;1847;530;25;33;28;2
20998;1485;167;27;33;28;2
20999;1821;530;25;33;28;2
21015;1795;530;25;33;28;2
21021;1769;530;25;33;28;2
21028;1743;530;25;33;28;2
21029;1717;530;25;33;28;2
21033;1691;530;25;33;28;2
21040;1639;530;25;33;28;2
21046;1613;530;25;33;28;2
21048;1737;167;27;33;28;2
21050;1587;530;25;33;28;2
21051;1561;530;25;33;28;2
21063;1509;530;25;33;28;2
21066;1483;530;25;33;28;2
21069;1877;167;27;33;28;2
21091;1431;530;25;33;28;2
21092;1405;530;25;33;28;2
21104;1379;530;25;33;28;2
21106;1353;530;25;33;28;2
21109;1327;530;25;33;28;2
21127;1301;530;25;33;28;2
21147;1197;530;25;33;28;2
21151;1171;530;25;33;28;2
21152;85;200;27;33;28;2
21155;113;200;27;33;28;2
21161;1145;530;25;33;28;2
21162;169;200;27;33;28;2
21163;1119;530;25;33;28;2
21177;1093;530;25;33;28;2
21191;1067;530;25;33;28;2
21193;281;200;27;33;28;2
21205;309;200;27;33;28;0
21209;337;200;27;33;28;2
21213;365;200;27;33;28;2
21215;393;200;27;33;28;2
21218;421;200;27;33;28;2
21247;1015;530;25;33;28;2
21253;477;200;27;33;28;2
21270;505;200;27;33;28;2
21271;533;200;27;33;28;2
21280;989;530;25;33;28;4
21305;963;530;25;33;28;4
21313;617;200;27;33;28;2
21315;645;200;27;33;28;2
21322;673;200;27;33;28;2
21330;701;200;27;33;28;2
21332;729;200;27;33;28;2
21335;757;200;27;33;28;2
21336;785;200;27;33;28;2
21344;841;596;23;33;28;4
21360;865;596;23;33;28;4
21361;869;200;27;33;28;2
21363;885;530;25;33;28;2
21364;859;530;25;33;28;2
21365;833;530;25;33;28;2
21380;981;200;27;33;28;2
21402;1009;200;27;33;28;2
21407;1037;200;27;33;28;2
21427;1065;200;27;33;28;2
21435;1093;200;27;33;28;2
21442;1121;200;27;33;28;2
21451;1149;200;27;33;28;2
21453;1177;200;27;33;28;2
21454;31;2;29;33;28;0
21462;1233;200;27;33;28;2
21463;1261;200;27;33;28;2
21475;1724;596;22;33;28;4
21476;1317;200;27;33;28;2
21483;1345;200;27;33;28;2
21484;781;530;25;33;28;2
21487;1401;200;27;33;28;2
21488;1429;200;27;33;28;2
21490;1457;200;27;33;28;2
21491;1485;200;27;33;28;2
21495;1513;200;27;33;28;2
21496;755;530;25;33;28;2
21508;1569;200;27;33;28;2
21512;1597;200;27;33;28;2
21516;729;530;25;33;28;2
21517;703;530;25;33;28;2
21520;1681;200;27;33;28;2
21521;677;530;25;33;28;2
21531;1737;200;27;33;28;2
21536;1765;200;27;33;28;2
21542;1793;200;27;33;28;2
21547;1821;200;27;33;28;2
21560;1849;200;27;33;28;2
21561;1877;200;27;33;28;2
21578;1905;200;27;33;28;2
21608;1933;200;27;33;28;0
21610;1961;200;27;33;28;2
21619;1989;200;27;33;28;2
21628;2017;200;27;33;28;2
21629;1;233;27;33;28;2
21638;29;233;27;33;28;2
21644;651;530;25;33;28;2
21697;599;530;25;33;28;2
21729;961;596;23;33;28;4
21742;141;233;27;33;28;2
21746;169;233;27;33;28;2
21764;547;530;25;33;28;4
21776;225;233;27;33;28;2
21807;253;233;27;33;28;2
21809;521;530;25;33;28;2
21830;309;233;27;33;28;2
21839;495;530;25;33;28;2
21892;365;233;27;33;28;2
21978;393;233;27;33;28;2
22022;421;233;27;33;28;2
22120;449;233;27;33;28;2
22132;477;233;27;33;28;2
22209;505;233;27;33;28;2
22234;985;596;23;33;28;4
22235;443;530;25;33;28;2
22238;1057;596;23;33;28;4
22243;391;530;25;33;28;2
22256;1081;596;23;33;28;4
22258;1105;596;23;33;28;4
22259;287;530;25;33;28;2
22266;261;530;25;33;28;2
22269;235;530;25;33;28;2
22290;1129;596;23;33;28;4
22303;813;233;27;33;28;2
22311;841;233;27;33;28;2
22312;869;233;27;33;28;2
22320;897;233;27;33;28;2
22343;157;530;25;33;28;2
22346;953;233;27;33;28;2
22411;981;233;27;33;28;2
22434;1009;233;27;33;28;2
22467;1037;233;27;33;28;2
22475;1065;233;27;33;28;2
22478;1093;233;27;33;28;2
22495;1121;233;27;33;28;2
22519;1149;233;27;33;28;2
22522;1177;233;27;33;28;2
22530;1205;233;27;33;28;2
22570;1233;233;27;33;28;2
22577;1261;233;27;33;28;2
22580;1289;233;27;33;28;2
22612;1317;233;27;33;28;2
22659;1345;233;27;33;28;2
22679;105;530;25;33;28;2
22721;1401;233;27;33;28;2
22730;1429;233;27;33;28;2
22732;1457;233;27;33;28;2
22763;1485;233;27;33;28;2
22768;1513;233;27;33;28;2
22770;1541;233;27;33;28;2
22793;1569;233;27;33;28;2
22805;1177;596;23;33;28;4
22806;1625;233;27;33;28;2
22810;53;530;25;33;28;4
22812;1681;233;27;33;28;2
22818;1709;233;27;33;28;2
22823;1737;233;27;33;28;2
22825;1765;233;27;33;28;2
22826;1793;233;27;33;28;2
22827;1821;233;27;33;28;2
22833;1849;233;27;33;28;2
22855;1877;233;27;33;28;2
22863;1905;233;27;33;28;2
22868;1933;233;27;33;28;2
22885;1961;233;27;33;28;2
22888;1989;233;27;33;28;2
22899;2017;233;27;33;28;2
22909;1;266;27;33;28;2
22914;27;530;25;33;28;2
22934;57;266;27;33;28;2
22937;85;266;27;33;28;2
22949;113;266;27;33;28;2
22956;141;266;27;33;28;2
22987;169;266;27;33;28;2
23019;197;266;27;33;28;2
23039;225;266;27;33;28;2
23041;253;266;27;33;28;2
23064;281;266;27;33;28;2
23130;309;266;27;33;28;2
23241;337;266;27;33;28;2
23244;365;266;27;33;28;2
23265;393;266;27;33;28;2
23330;421;266;27;33;28;2
23376;449;266;27;33;28;2
23383;477;266;27;33;28;2
23384;505;266;27;33;28;2
23389;533;266;27;33;28;2
23395;561;266;27;33;28;2
23396;589;266;27;33;28;2
23398;617;266;27;33;28;2
23432;645;266;27;33;28;2
23433;673;266;27;33;28;2
23436;701;266;27;33;28;2
23448;729;266;27;33;28;2
23450;757;266;27;33;28;2
23453;785;266;27;33;28;2
23455;813;266;27;33;28;2
23458;841;266;27;33;28;2
23459;869;266;27;33;28;2
23460;897;266;27;33;28;2
23470;925;266;27;33;28;2
23475;953;266;27;33;28;2
23478;981;266;27;33;28;2
23481;1009;266;27;33;28;2
23487;1037;266;27;33;28;2
23490;1065;266;27;33;28;2
23492;1093;266;27;33;28;2
23494;1121;266;27;33;28;2
23506;1149;266;27;33;28;2
23515;1177;266;27;33;28;2
23517;1205;266;27;33;28;2
23519;1233;266;27;33;28;2
23529;1261;266;27;33;28;2
23534;1289;266;27;33;28;2
23550;1317;266;27;33;28;2
23553;1345;266;27;33;28;2
23554;1373;266;27;33;28;2
23556;1401;266;27;33;28;2
23562;1429;266;27;33;28;2
23566;1457;266;27;33;28;2
23567;1485;266;27;33;28;2
23569;1513;266;27;33;28;2
23601;1541;266;27;33;28;2
23611;1569;266;27;33;28;2
23613;1597;266;27;33;28;2
23614;1625;266;27;33;28;2
23616;1653;266;27;33;28;2
23621;1681;266;27;33;28;2
23624;1;530;25;33;28;2
23626;2022;497;25;33;28;2
23627;1765;266;27;33;28;2
23637;1793;266;27;33;28;2
23646;1996;497;25;33;28;2
23665;1201;596;23;33;28;4
23769;1877;266;27;33;28;2
23798;1944;497;25;33;28;4
23815;1933;266;27;33;28;2
23849;1918;497;25;33;28;2
24029;1892;497;25;33;28;2
24035;2017;266;27;33;28;2
24037;1;299;27;33;28;2
24038;29;299;27;33;28;2
24040;1866;497;25;33;28;4
24046;85;299;27;33;28;2
24059;113;299;27;33;28;2
24067;141;299;27;33;28;2
24076;169;299;27;33;28;2
24093;197;299;27;33;28;2
24107;1840;497;25;33;28;4
24109;253;299;27;33;28;2
24111;281;299;27;33;28;2
24112;309;299;27;33;28;2
24115;337;299;27;33;28;2
24120;365;299;27;33;28;2
24125;1814;497;25;33;28;2
24133;1788;497;25;33;28;2
24149;449;299;27;33;28;2
24178;477;299;27;33;28;2
24179;505;299;27;33;28;2
24180;533;299;27;33;28;2
24184;561;299;27;33;28;2
24187;1762;497;25;33;28;2
24190;617;299;27;33;28;2
24195;645;299;27;33;28;2
24202;673;299;27;33;28;2
24207;701;299;27;33;28;2
24213;729;299;27;33;28;2
24215;757;299;27;33;28;2
24230;785;299;27;33;28;2
24231;813;299;27;33;28;2
24235;841;299;27;33;28;2
24237;869;299;27;33;28;2
24247;897;299;27;33;28;2
24259;925;299;27;33;28;2
24310;953;299;27;33;28;2
24311;981;299;27;33;28;2
24314;1009;299;27;33;28;2
24335;1037;299;27;33;28;2
24341;1713;563;24;33;28;2
24351;1710;497;25;33;28;2
24358;1121;299;27;33;28;2
24369;1684;497;25;33;28;2
24373;1177;299;27;33;28;2
24375;1205;299;27;33;28;2
24382;1233;299;27;33;28;2
24403;1701;596;22;33;28;4
24418;1289;299;27;33;28;2
24427;1317;299;27;33;28;2
24433;1345;299;27;33;28;2
24441;1373;299;27;33;28;2
24444;1401;299;27;33;28;2
24453;1429;299;27;33;28;2
24459;1457;299;27;33;28;2
24460;1485;299;27;33;28;2
24466;1513;299;27;33;28;2
24467;1541;299;27;33;28;2
24471;1569;299;27;33;28;2
24481;1632;497;25;33;28;2
24489;1625;299;27;33;28;2
24494;1653;299;27;33;28;2
24499;1681;299;27;33;28;2
24515;1709;299;27;33;28;2
24517;1737;299;27;33;28;2
24524;1765;299;27;33;28;2
24525;1793;299;27;33;28;2
24535;1821;299;27;33;28;2
24536;1849;299;27;33;28;2
24537;1877;299;27;33;28;2
24540;1905;299;27;33;28;2
24544;1933;299;27;33;28;2
24555;1961;299;27;33;28;2
24565;1989;299;27;33;28;2
24594;2017;299;27;33;28;2
24598;1;332;27;33;28;2
24605;29;332;27;33;28;2
24608;57;332;27;33;28;2
24613;85;332;27;33;28;2
24615;113;332;27;33;28;2
24618;141;332;27;33;28;2
24651;169;332;27;33;28;2
24656;197;332;27;33;28;2
24677;225;332;27;33;28;2
24681;253;332;27;33;28;2
24687;281;332;27;33;28;2
24693;309;332;27;33;28;2
24724;337;332;27;33;28;2
24735;365;332;27;33;28;2
24746;393;332;27;33;28;2
24754;421;332;27;33;28;2
24773;449;332;27;33;28;2
24785;477;332;27;33;28;2
24816;505;332;27;33;28;2
24819;533;332;27;33;28;2
24841;561;332;27;33;28;2
24847;589;332;27;33;28;2
24858;617;332;27;33;28;2
24859;645;332;27;33;28;2
24863;673;332;27;33;28;2
24904;701;332;27;33;28;2
24907;729;332;27;33;28;2
24931;757;332;27;33;28;2
25014;785;332;27;33;28;2
25022;813;332;27;33;28;2
25104;91;2;29;33;28;0
25105;869;332;27;33;28;2
25126;897;332;27;33;28;2
25151;925;332;27;33;28;2
25152;953;332;27;33;28;2
25161;981;332;27;33;28;2
25163;1009;332;27;33;28;2
25165;1037;332;27;33;28;2
25171;1065;332;27;33;28;2
25173;1093;332;27;33;28;2
25201;1121;332;27;33;28;2
25215;1149;332;27;33;28;2
25216;1177;332;27;33;28;2
25233;1580;497;25;33;28;2
25237;1233;332;27;33;28;2
25239;1261;332;27;33;28;2
25240;1289;332;27;33;28;2
25244;1317;332;27;33;28;2
25246;1345;332;27;33;28;2
25265;1373;332;27;33;28;2
25269;1401;332;27;33;28;2
25276;1554;497;25;33;28;2
25285;1457;332;27;33;28;2
25293;1528;497;25;33;28;2
25296;1502;497;25;33;28;2
25298;1541;332;27;33;28;2
25307;1476;497;25;33;28;2
25309;1597;332;27;33;28;2
25312;1625;332;27;33;28;2
25313;1653;332;27;33;28;2
25335;1681;332;27;33;28;2
25342;1709;332;27;33;28;2
25345;1737;332;27;33;28;2
25351;1765;332;27;33;28;2
25361;1793;332;27;33;28;2
25387;1821;332;27;33;28;2
25391;1849;332;27;33;28;2
25429;1877;332;27;33;28;2
25448;1905;332;27;33;28;2
25480;1933;332;27;33;28;2
25490;1961;332;27;33;28;2
25496;1989;332;27;33;28;2
25499;2017;332;27;33;28;2
25505;1;365;27;33;28;2
25506;29;365;27;33;28;2
25509;57;365;27;33;28;2
25512;85;365;27;33;28;2
25522;113;365;27;33;28;2
25551;141;365;27;33;28;2
25552;169;365;27;33;28;2
25563;197;365;27;33;28;2
25569;225;365;27;33;28;2
25588;253;365;27;33;28;2
25594;281;365;27;33;28;2
25613;309;365;27;33;28;2
25658;337;365;27;33;28;2
25666;365;365;27;33;28;2
25731;393;365;27;33;28;2
25774;421;365;27;33;28;2
25805;449;365;27;33;28;2
25903;477;365;27;33;28;2
25913;505;365;27;33;28;2
25915;533;365;27;33;28;2
25918;561;365;27;33;28;2
25925;589;365;27;33;28;2
25935;617;365;27;33;28;2
25937;645;365;27;33;28;2
25943;673;365;27;33;28;2
25945;701;365;27;33;28;2
25955;729;365;27;33;28;2
25964;757;365;27;33;28;2
25968;785;365;27;33;28;2
25972;813;365;27;33;28;2
25973;841;365;27;33;28;2
25991;869;365;27;33;28;2
25998;897;365;27;33;28;2
26009;925;365;27;33;28;2
26023;953;365;27;33;28;2
26028;981;365;27;33;28;2
26029;1009;365;27;33;28;2
26032;1037;365;27;33;28;2
26041;1065;365;27;33;28;2
26045;2017;464;27;33;28;2
26053;1121;365;27;33;28;2
26059;1149;365;27;33;28;2
26063;1177;365;27;33;28;2
26071;1205;365;27;33;28;2
26082;1233;365;27;33;28;2
26085;569;629;21;33;28;5
26089;1289;365;27;33;28;2
26118;1317;365;27;33;28;2
26119;1345;365;27;33;28;2
26126;1398;497;25;33;28;2
26132;1401;365;27;33;28;2
26143;1429;365;27;33;28;2
26144;1457;365;27;33;28;2
26152;1485;365;27;33;28;2
26172;1513;365;27;33;28;2
26178;1541;365;27;33;28;2
26217;1569;365;27;33;28;2
26222;1597;365;27;33;28;2
26223;1625;365;27;33;28;2
26228;1653;365;27;33;28;2
26230;1372;497;25;33;28;2
26247;1709;365;27;33;28;2
26262;1737;365;27;33;28;2
26263;1765;365;27;33;28;2
26286;1793;365;27;33;28;2
26292;1821;365;27;33;28;2
26354;1441;596;23;33;28;4
26356;1877;365;27;33;28;2
26360;1905;365;27;33;28;2
26367;1933;365;27;33;28;2
26368;1961;365;27;33;28;2
26376;1813;563;24;33;28;2
26377;2017;365;27;33;28;2
26381;1;398;27;33;28;2
26395;29;398;27;33;28;2
26397;1294;497;25;33;28;2
26399;1268;497;25;33;28;2
26408;113;398;27;33;28;2
26410;141;398;27;33;28;2
26411;169;398;27;33;28;2
26412;197;398;27;33;28;2
26413;225;398;27;33;28;2
26426;253;398;27;33;28;2
26448;281;398;27;33;28;2
26454;309;398;27;33;28;2
26463;337;398;27;33;28;2
26465;365;398;27;33;28;2
26469;393;398;27;33;28;2
26479;421;398;27;33;28;2
26481;449;398;27;33;28;2
26495;477;398;27;33;28;2
26512;505;398;27;33;28;2
26517;533;398;27;33;28;2
26519;561;398;27;33;28;2
26522;589;398;27;33;28;2
26524;617;398;27;33;28;2
26525;645;398;27;33;28;2
26528;673;398;27;33;28;2
26564;701;398;27;33;28;2
26576;729;398;27;33;28;2
26579;757;398;27;33;28;2
26609;785;398;27;33;28;2
26619;813;398;27;33;28;2
26628;841;398;27;33;28;2
26657;869;398;27;33;28;2
26666;897;398;27;33;28;2
26680;925;398;27;33;28;2
26681;953;398;27;33;28;2
26684;981;398;27;33;28;2
26691;1009;398;27;33;28;2
26696;1037;398;27;33;28;2
26800;1065;398;27;33;28;2
26820;1093;398;27;33;28;2
26834;1121;398;27;33;28;2
26842;1242;497;25;33;28;2
26862;1177;398;27;33;28;2
26908;1205;398;27;33;28;2
26989;1233;398;27;33;28;2
26997;1261;398;27;33;28;2
27005;1289;398;27;33;28;2
27010;1317;398;27;33;28;2
27083;1345;398;27;33;28;2
27084;1373;398;27;33;28;2
27096;1401;398;27;33;28;2
27161;1429;398;27;33;28;2
27169;1457;398;27;33;28;2
27177;1485;398;27;33;28;2
27178;1513;398;27;33;28;2
27231;1541;398;27;33;28;2
27424;1569;398;27;33;28;2
27425;1597;398;27;33;28;2
27442;1625;398;27;33;28;2
27468;1653;398;27;33;28;2
27475;1681;398;27;33;28;2
27490;1709;398;27;33;28;2
27491;1737;398;27;33;28;2
27494;1765;398;27;33;28;2
27497;1793;398;27;33;28;2
27503;1821;398;27;33;28;2
27507;1849;398;27;33;28;2
27508;1877;398;27;33;28;2
27515;1905;398;27;33;28;2
27530;1933;398;27;33;28;2
27531;1961;398;27;33;28;2
27572;1216;497;25;33;28;4
27573;2017;398;27;33;28;2
27578;1;431;27;33;28;2
27579;29;431;27;33;28;2
27583;57;431;27;33;28;2
27597;85;431;27;33;28;2
27598;113;431;27;33;28;2
27602;141;431;27;33;28;2
27604;169;431;27;33;28;2
27611;197;431;27;33;28;2
27663;225;431;27;33;28;2
27665;253;431;27;33;28;2
27671;281;431;27;33;28;2
27700;309;431;27;33;28;2
27703;337;431;27;33;28;2
27704;365;431;27;33;28;2
27713;393;431;27;33;28;2
27714;421;431;27;33;28;2
27735;449;431;27;33;28;2
27738;477;431;27;33;28;2
27770;505;431;27;33;28;2
27784;533;431;27;33;28;2
27788;561;431;27;33;28;2
27810;589;431;27;33;28;2
27833;1190;497;25;33;28;2
27835;645;431;27;33;28;2
27836;1164;497;25;33;28;2
27841;701;431;27;33;28;2
27849;729;431;27;33;28;2
27861;757;431;27;33;28;2
27873;785;431;27;33;28;2
27874;813;431;27;33;28;2
27875;841;431;27;33;28;2
27880;869;431;27;33;28;2
27888;897;431;27;33;28;2
27915;925;431;27;33;28;2
27927;953;431;27;33;28;2
27963;981;431;27;33;28;2
27966;1009;431;27;33;28;2
27969;1037;431;27;33;28;2
27972;1065;431;27;33;28;2
27973;1093;431;27;33;28;2
28014;1121;431;27;33;28;2
28020;1149;431;27;33;28;2
28023;1177;431;27;33;28;2
28040;1138;497;25;33;28;2
28057;1233;431;27;33;28;2
28082;1261;431;27;33;28;2
28107;1289;431;27;33;28;2
28129;1317;431;27;33;28;2
28145;1345;431;27;33;28;2
28149;1112;497;25;33;28;2
28151;1401;431;27;33;28;2
28155;1429;431;27;33;28;2
28165;1457;431;27;33;28;2
28167;1086;497;25;33;28;2
28168;1513;431;27;33;28;2
28187;1541;431;27;33;28;2
28193;1569;431;27;33;28;2
28201;1597;431;27;33;28;2
28204;1060;497;25;33;28;2
28271;1653;431;27;33;28;2
28288;1681;431;27;33;28;2
28304;1709;431;27;33;28;2
28310;1737;431;27;33;28;2
28342;1765;431;27;33;28;2
28357;1793;431;27;33;28;2
28381;1821;431;27;33;28;2
28404;1849;431;27;33;28;2
28418;1877;431;27;33;28;2
28436;1905;431;27;33;28;2
28500;1034;497;25;33;28;2
28526;1008;497;25;33;28;2
28528;1989;431;27;33;28;2
28608;2017;431;27;33;28;2
28611;1;464;27;33;28;2
28641;29;464;27;33;28;2
28734;982;497;25;33;28;2
28779;85;464;27;33;28;2
28783;113;464;27;33;28;2
28784;141;464;27;33;28;2
28797;169;464;27;33;28;2
28809;197;464;27;33;28;2
28814;225;464;27;33;28;2
28845;253;464;27;33;28;2
28857;281;464;27;33;28;2
28872;309;464;27;33;28;2
28937;337;464;27;33;28;2
28961;365;464;27;33;28;2
28982;393;464;27;33;28;2
28988;421;464;27;33;28;2
29017;449;464;27;33;28;2
29031;477;464;27;33;28;2
29087;505;464;27;33;28;2
29105;533;464;27;33;28;2
29123;561;464;27;33;28;2
29158;589;464;27;33;28;2
29190;617;464;27;33;28;2
29238;645;464;27;33;28;2
29255;673;464;27;33;28;2
29256;701;464;27;33;28;2
29273;729;464;27;33;28;2
29282;757;464;27;33;28;2
29289;956;497;25;33;28;2
29298;813;464;27;33;28;2
29305;841;464;27;33;28;2
29344;869;464;27;33;28;2
29359;897;464;27;33;28;2
29366;925;464;27;33;28;2
29378;953;464;27;33;28;2
29420;981;464;27;33;28;2
29421;1009;464;27;33;28;2
29483;1037;464;27;33;28;2
29508;1065;464;27;33;28;2
29539;1093;464;27;33;28;2
29554;1121;464;27;33;28;2
29575;1149;464;27;33;28;2
29577;1177;464;27;33;28;2
29579;1205;464;27;33;28;2
29694;1233;464;27;33;28;2
29699;1261;464;27;33;28;2
29702;1289;464;27;33;28;2
29872;1317;464;27;33;28;2
29976;1345;464;27;33;28;2
29983;1373;464;27;33;28;2
29987;1401;464;27;33;28;2
29992;617;497;26;33;28;0
30001;1489;596;23;33;28;4
30003;1513;596;23;33;28;4
30007;800;497;25;33;28;2
30010;774;497;25;33;28;4
30011;1569;464;27;33;28;2
30028;1597;464;27;33;28;2
30033;748;497;25;33;28;2
30053;1653;464;27;33;28;2
30058;1681;464;27;33;28;2
30064;1709;464;27;33;28;2
30097;1737;464;27;33;28;2
30149;1765;464;27;33;28;2
30151;1793;464;27;33;28;2
30171;1821;464;27;33;28;2
30274;1849;464;27;33;28;2
30330;1877;464;27;33;28;2
30331;1905;464;27;33;28;2
30333;1097;629;21;33;28;5
30334;1961;464;27;33;28;2
30340;696;497;25;33;28;2
30342;1;2;29;33;28;0
30382;1;497;27;33;28;2
30410;29;497;27;33;28;2
30423;57;497;27;33;28;2
30427;85;497;27;33;28;2
30436;113;497;27;33;28;2
30446;767;629;21;33;28;5
30452;169;497;27;33;28;2
30456;644;497;25;33;28;2
30475;225;497;27;33;28;2
30495;253;497;27;33;28;2
30496;281;497;27;33;28;2
30524;309;497;27;33;28;2
30528;337;497;27;33;28;2
30636;365;497;27;33;28;2
30643;393;497;27;33;28;2
30693;904;497;25;33;28;2
30701;449;497;27;33;28;2
30707;477;497;27;33;28;2
30722;505;497;27;33;28;2
30740;533;497;27;33;28;2
30741;561;497;27;33;28;2
30772;589;497;27;33;28;2
30828;421;497;27;33;28;2
30906;197;497;27;33;28;2
30952;141;497;27;33;28;2
31034;1989;464;27;33;28;2
31036;1933;464;27;33;28;2
31038;1625;464;27;33;28;2
31048;1541;464;27;33;28;2
31062;1513;464;27;33;28;2
31070;826;497;25;33;28;2
31085;1485;464;27;33;28;2
31105;1457;464;27;33;28;2
31109;1429;464;27;33;28;2
31119;930;497;25;33;28;2
31168;785;464;27;33;28;2
31169;57;464;27;33;28;2
31185;1961;431;27;33;28;2
31186;1933;431;27;33;28;2
31192;1625;431;27;33;28;2
31209;1485;431;27;33;28;2
31216;1373;431;27;33;28;2
31227;1205;431;27;33;28;2
31243;673;431;27;33;28;2
31246;617;431;27;33;28;2
31278;1989;398;27;33;28;2
31292;1149;398;27;33;28;2
31309;85;398;27;33;28;2
31311;57;398;27;33;28;2
31348;1989;365;27;33;28;2
31350;1849;365;27;33;28;2
31354;1681;365;27;33;28;2
31361;1373;365;27;33;28;2
31435;1261;365;27;33;28;2
31452;1093;365;27;33;28;2
31456;1569;332;27;33;28;2
31471;1513;332;27;33;28;2
31478;1485;332;27;33;28;2
31505;1429;332;27;33;28;2
31526;1205;332;27;33;28;2
31532;1606;497;25;33;28;2
31558;1597;299;27;33;28;2
31561;1261;299;27;33;28;2
31563;1149;299;27;33;28;2
31568;1093;299;27;33;28;2
31572;1065;299;27;33;28;2
31574;589;299;27;33;28;2
31639;421;299;27;33;28;2
31649;393;299;27;33;28;2
31665;225;299;27;33;28;2
31680;57;299;27;33;28;2
31684;1989;266;27;33;28;2
31689;1961;266;27;33;28;2
31777;1905;266;27;33;28;2
31840;1849;266;27;33;28;2
31881;1821;266;27;33;28;2
31896;1737;266;27;33;28;2
31934;1709;266;27;33;28;2
31958;29;266;27;33;28;2
31992;1653;233;27;33;28;2
31995;1597;233;27;33;28;2
32000;1373;233;27;33;28;2
32004;131;530;25;33;28;2
32005;925;233;27;33;28;2
32013;183;530;25;33;28;2
32020;785;233;27;33;28;2
32025;757;233;27;33;28;2
32026;729;233;27;33;28;2
32032;701;233;27;33;28;2
32048;313;530;25;33;28;2
32066;673;233;27;33;28;2
32068;645;233;27;33;28;2
32070;617;233;27;33;28;2
32076;589;233;27;33;28;2
32080;561;233;27;33;28;2
32102;533;233;27;33;28;2
32113;337;233;27;33;28;2
32117;281;233;27;33;28;2
32118;197;233;27;33;28;2
32153;113;233;27;33;28;2
32154;85;233;27;33;28;2
32191;625;530;25;33;28;2
32202;57;233;27;33;28;2
32207;1709;200;27;33;28;2
32209;1653;200;27;33;28;2
32218;1625;200;27;33;28;2
32224;1541;200;27;33;28;2
32232;1373;200;27;33;28;2
32244;1289;200;27;33;28;2
32257;953;200;27;33;28;2
32260;925;200;27;33;28;2
32302;897;200;27;33;28;2
32318;841;200;27;33;28;2
32321;813;200;27;33;28;2
32566;589;200;27;33;28;2
32618;561;200;27;33;28;2
32622;449;200;27;33;28;2
32624;1041;530;25;33;28;2
32626;253;200;27;33;28;2
32650;225;200;27;33;28;2
32654;197;200;27;33;28;2
32676;141;200;27;33;28;2
32680;57;200;27;33;28;2
32681;29;200;27;33;28;2
32701;1223;530;25;33;28;2
32722;1249;530;25;33;28;2
32763;1275;530;25;33;28;2
32769;1;200;27;33;28;2
32771;2017;167;27;33;28;2
32773;1989;167;27;33;28;2
32784;1961;167;27;33;28;2
32819;1933;167;27;33;28;2
32854;1905;167;27;33;28;2
32862;1457;530;25;33;28;2
32884;1849;167;27;33;28;2
32887;1821;167;27;33;28;2
32905;793;596;23;33;28;4
32908;1793;167;27;33;28;2
32930;1765;167;27;33;28;2
32937;1709;167;27;33;28;2
32946;1681;167;27;33;28;2
32963;745;596;23;33;28;4
32966;1653;167;27;33;28;2
32972;1625;167;27;33;28;2
32990;1597;167;27;33;28;2
33012;1569;167;27;33;28;2
33016;1541;167;27;33;28;2
33021;1513;167;27;33;28;2
33032;1457;167;27;33;28;2
33050;1873;530;25;33;28;2
33073;1429;167;27;33;28;2
33104;1401;167;27;33;28;2
33109;1373;167;27;33;28;2
33136;1289;167;27;33;28;2
33145;1149;167;27;33;28;2
33180;1121;167;27;33;28;2
33192;1037;167;27;33;28;2
33235;1009;167;27;33;28;2
33251;79;563;25;33;28;4
33256;105;563;25;33;28;2
33258;877;629;21;33;28;5
33261;589;167;27;33;28;2
33268;841;332;27;33;28;2
33288;365;167;27;33;28;2
33292;197;167;27;33;28;2
33310;169;167;27;33;28;2
33311;2017;134;27;33;28;2
33337;1961;134;27;33;28;2
33391;1653;134;27;33;28;2
33394;1373;134;27;33;28;2
33455;1177;134;27;33;28;2
33457;645;134;27;33;28;2
33464;449;134;27;33;28;2
33509;113;134;27;33;28;2
33510;85;134;27;33;28;2
33590;57;134;27;33;28;2
33609;29;134;27;33;28;2
33624;1;134;27;33;28;2
33655;2017;101;27;33;28;2
33740;1989;101;27;33;28;2
33747;1961;101;27;33;28;2
33775;1933;101;27;33;28;2
33853;1905;101;27;33;28;2
33865;1877;101;27;33;28;2
33879;1849;101;27;33;28;2
34101;1821;101;27;33;28;2
34180;1793;101;27;33;28;2
34220;1765;101;27;33;28;2
34384;1737;101;27;33;28;2
34394;1709;101;27;33;28;2
34411;1681;101;27;33;28;2
34425;1653;101;27;33;28;2
34509;1625;101;27;33;28;2
34521;1597;101;27;33;28;2
34542;1569;101;27;33;28;2
34588;1541;101;27;33;28;2
34678;1513;101;27;33;28;2
34701;1485;101;27;33;28;2
34880;1457;101;27;33;28;2
34892;121;2;29;33;28;0
34899;1401;101;27;33;28;2
34903;1373;101;27;33;28;2
34909;1345;101;27;33;28;2
34913;1317;101;27;33;28;2
34915;1149;101;27;33;28;2
34920;1121;101;27;33;28;2
34987;1093;101;27;33;28;2
35009;1065;101;27;33;28;2
35010;981;101;27;33;28;2
35013;953;101;27;33;28;2
35023;925;101;27;33;28;2
35029;897;101;27;33;28;2
35036;869;101;27;33;28;2
35069;841;101;27;33;28;2
35079;813;101;27;33;28;2
35090;785;101;27;33;28;2
35186;757;101;27;33;28;2
35199;729;101;27;33;28;2
35201;673;101;27;33;28;2
35206;645;101;27;33;28;2
35207;589;101;27;33;28;2
35211;561;101;27;33;28;2
35222;533;101;27;33;28;2
35226;505;101;27;33;28;2
35239;477;101;27;33;28;2
35242;449;101;27;33;28;2
35251;421;101;27;33;28;2
35282;1863;563;24;33;28;2
35299;365;101;27;33;28;2
35302;337;101;27;33;28;2
35328;309;101;27;33;28;2
35336;253;101;27;33;28;2
35342;197;101;27;33;28;2
35347;1015;563;25;33;28;2
35352;169;101;27;33;28;2
35370;141;101;27;33;28;2
35373;113;101;27;33;28;2
35377;85;101;27;33;28;2
35379;57;101;27;33;28;2
35388;29;101;27;33;28;2
35413;1;101;27;33;28;2
35422;573;563;25;33;28;2
35430;2017;68;27;33;28;2
35433;1989;68;27;33;28;2
35440;1961;68;27;33;28;2
35441;1933;68;27;33;28;2
35463;1905;68;27;33;28;2
35465;1877;68;27;33;28;2
35469;1849;68;27;33;28;2
35475;1821;68;27;33;28;2
35477;1793;68;27;33;28;2
35480;1765;68;27;33;28;2
35486;1737;68;27;33;28;2
35488;1709;68;27;33;28;2
35492;1681;68;27;33;28;2
35500;1653;68;27;33;28;2
35501;1625;68;27;33;28;2
35504;1597;68;27;33;28;2
35519;1;563;25;33;28;2
35527;1569;68;27;33;28;2
35531;1541;68;27;33;28;2
35613;1513;68;27;33;28;2
35672;1485;68;27;33;28;2
35676;1429;68;27;33;28;2
35686;1401;68;27;33;28;2
35696;1373;68;27;33;28;2
35703;1345;68;27;33;28;2
35937;1317;68;27;33;28;2
35946;1289;68;27;33;28;2
36000;937;530;25;33;28;2
36001;1261;68;27;33;28;2
36008;1233;68;27;33;28;2
36009;1205;68;27;33;28;2
36012;1177;68;27;33;28;2
36015;1149;68;27;33;28;2
36020;1121;68;27;33;28;2
36023;1009;596;23;33;28;4
36024;1065;68;27;33;28;2
36027;981;68;27;33;28;2
36039;785;68;27;33;28;2
36062;757;68;27;33;28;2
36066;209;530;25;33;28;4
36074;729;68;27;33;28;2
36077;645;68;27;33;28;2
36104;1970;497;25;33;28;2
36196;617;68;27;33;28;2
36208;589;68;27;33;28;2
36212;561;68;27;33;28;2
36215;533;68;27;33;28;2
36229;505;68;27;33;28;2
36234;477;68;27;33;28;2
36259;449;68;27;33;28;2
36275;393;68;27;33;28;2
36321;337;68;27;33;28;2
36335;309;68;27;33;28;2
36339;281;68;27;33;28;2
36362;878;497;25;33;28;2
36367;253;68;27;33;28;2
36523;225;68;27;33;28;2
36554;197;68;27;33;28;2
36557;169;68;27;33;28;2
36562;141;68;27;33;28;2
36578;85;68;27;33;28;2
36605;57;68;27;33;28;2
36637;29;68;27;33;28;2
36649;1;68;27;33;28;2
36650;2017;35;27;33;28;2
36763;1989;35;27;33;28;2
36785;1961;35;27;33;28;2
36794;1933;35;27;33;28;2
36796;1905;35;27;33;28;2
36814;1877;35;27;33;28;2
36817;1849;35;27;33;28;2
36820;1821;35;27;33;28;2
36855;1793;35;27;33;28;2
36861;1765;35;27;33;28;2
36864;1737;35;27;33;28;2
36865;1681;35;27;33;28;2
36867;1653;35;27;33;28;2
36870;1625;35;27;33;28;2
36879;1597;35;27;33;28;2
36884;1569;35;27;33;28;2
36889;1541;35;27;33;28;2
36890;1513;35;27;33;28;2
36895;1485;35;27;33;28;2
36896;1457;35;27;33;28;2
36899;1429;35;27;33;28;2
36914;1401;35;27;33;28;2
36920;1373;35;27;33;28;2
36930;1345;35;27;33;28;2
36933;1317;35;27;33;28;2
36938;1289;35;27;33;28;2
36939;1261;35;27;33;28;2
36942;1233;35;27;33;28;2
36947;1205;35;27;33;28;2
36948;1177;35;27;33;28;2
36949;1149;35;27;33;28;2
36960;1121;35;27;33;28;2
36969;1065;35;27;33;28;2
36974;1037;35;27;33;28;2
36984;1009;35;27;33;28;2
36986;981;35;27;33;28;2
37034;953;35;27;33;28;2
37048;925;35;27;33;28;2
37070;897;35;27;33;28;2
37096;869;35;27;33;28;2
37117;841;35;27;33;28;2
37197;813;35;27;33;28;2
37204;757;35;27;33;28;2
37237;729;35;27;33;28;2
37239;701;35;27;33;28;2
37240;673;35;27;33;28;2
37266;645;35;27;33;28;2
37276;617;35;27;33;28;2
37320;589;35;27;33;28;2
37324;561;35;27;33;28;2
37325;533;35;27;33;28;2
37326;505;35;27;33;28;2
37327;477;35;27;33;28;2
37329;449;35;27;33;28;2
37341;421;35;27;33;28;2
37347;417;563;25;33;28;2
37444;393;35;27;33;28;2
37467;365;35;27;33;28;2
37504;337;35;27;33;28;2
37507;309;35;27;33;28;2
37549;281;35;27;33;28;2
37628;443;563;25;33;28;2
37676;253;35;27;33;28;2
37682;225;35;27;33;28;2
37723;197;35;27;33;28;2
37749;169;35;27;33;28;2
37857;141;35;27;33;28;2
37912;113;35;27;33;28;2
37969;85;35;27;33;28;2
38263;57;35;27;33;28;2
38281;469;563;25;33;28;2
38283;495;563;25;33;28;2
38289;547;563;25;33;28;2
38291;703;563;25;33;28;2
38306;1041;563;25;33;28;2
38343;385;596;23;33;28;4
38360;913;596;23;33;28;4
38450;1171;563;25;33;28;4
38459;1431;563;25;33;28;4
38477;1457;563;25;33;28;4
38480;1561;563;25;33;28;4
38491;1535;563;25;33;28;4
38498;1405;563;25;33;28;4
38500;1353;563;25;33;28;4
38512;1327;563;25;33;28;4
38522;1301;563;25;33;28;4
38525;1275;563;25;33;28;4
38538;1145;563;25;33;28;4
38542;1093;563;25;33;28;4
38548;1988;563;23;33;28;4
38555;989;563;25;33;28;4
38556;937;563;25;33;28;4
38560;911;563;25;33;28;4
38587;29;35;27;33;28;2
38596;1;35;27;33;28;2
38597;2001;2;27;33;28;2
38598;1973;2;27;33;28;2
38609;1945;2;27;33;28;2
38626;1917;2;27;33;28;2
38627;1889;2;27;33;28;2
38632;1861;2;27;33;28;2
38634;1833;2;27;33;28;2
38640;1805;2;27;33;28;2
38642;1777;2;27;33;28;2
38647;1749;2;27;33;28;2
38651;1721;2;27;33;28;2
38663;1693;2;27;33;28;2
38666;1665;2;27;33;28;2
38695;1637;2;27;33;28;2
38738;1609;2;27;33;28;2
38745;1581;2;27;33;28;2
38750;1553;2;27;33;28;2
38754;1525;2;27;33;28;2
38899;1497;2;27;33;28;2
38911;1469;2;27;33;28;2
38913;1441;2;27;33;28;2
38914;1413;2;27;33;28;2
38915;885;563;25;33;28;4
38917;1385;2;27;33;28;2
38918;1357;2;27;33;28;2
38928;1329;2;27;33;28;2
38929;1301;2;27;33;28;2
38936;1273;2;27;33;28;2
38957;1245;2;27;33;28;2
38972;1217;2;27;33;28;2
38988;1189;2;27;33;28;2
38989;1161;2;27;33;28;2
38996;1133;2;27;33;28;2
38997;1105;2;27;33;28;2
39000;1077;2;27;33;28;2
39006;1049;2;27;33;28;2
39015;1021;2;27;33;28;2
39080;993;2;27;33;28;2
39131;965;2;27;33;28;2
39135;937;2;27;33;28;2
39154;909;2;27;33;28;2
39164;859;563;25;33;28;2
39165;881;2;27;33;28;2
39166;853;2;27;33;28;2
39178;825;2;27;33;28;2
39208;797;2;27;33;28;2
39318;769;2;27;33;28;2
39321;741;2;27;33;28;2
39340;713;2;27;33;28;2
39364;685;2;27;33;28;2
39366;657;2;27;33;28;2
39378;807;563;25;33;28;2
39438;629;2;27;33;28;2
39442;601;2;27;33;28;2
39443;573;2;27;33;28;2
39514;545;2;27;33;28;2
39592;517;2;27;33;28;2
39640;489;2;27;33;28;2
39658;461;2;27;33;28;2
39661;433;2;27;33;28;2
39740;781;563;25;33;28;4
39746;405;2;27;33;28;2
39764;377;2;27;33;28;2
39854;349;2;27;33;28;2
40165;321;2;27;33;28;2
40180;293;2;27;33;28;2
40199;265;2;27;33;28;2
40644;237;2;27;33;28;2
40658;209;2;27;33;28;2
40665;181;2;27;33;28;2
40723;785;35;27;33;28;2
40736;1429;101;27;33;28;2
40763;449;167;27;33;28;2
65281;2029;662;7;33;28;12
65284;459;629;21;33;28;5
65285;755;563;25;33;28;2
65286;49;596;23;33;28;4
65288;1576;662;11;33;28;16
65289;1564;662;11;33;28;2
65290;415;629;21;33;28;5
65291;97;596;23;33;28;4
65295;61;2;29;33;28;0
65296;1;662;16;33;28;8
65297;1956;662;9;33;28;10
65298;1670;629;19;33;28;5
65299;1650;629;19;33;28;5
65300;525;629;21;33;28;5
65301;2002;629;16;33;28;8
65302;1075;629;21;33;28;5
65303;547;629;21;33;28;5
65304;1610;629;19;33;28;5
65305;1570;629;19;33;28;5
65306;79;695;5;33;28;12
65309;145;596;23;33;28;4
65311;1530;629;19;33;28;5
65313;169;596;23;33;28;4
65314;254;629;22;33;28;5
65315;231;629;22;33;28;4
65316;208;629;22;33;28;4
65317;1182;629;20;33;28;4
65318;1203;629;20;33;28;4
65319;193;596;23;33;28;4
65320;185;629;22;33;28;4
65321;2037;662;7;33;28;10
65322;86;662;16;33;28;8
65323;70;629;22;33;28;4
65324;1308;629;20;33;28;4
65325;521;563;25;33;28;2
65326;47;629;22;33;28;4
65327;241;596;23;33;28;4
65328;1245;629;20;33;28;4
65329;337;596;23;33;28;4
65330;2000;596;22;33;28;4
65331;855;629;21;33;28;5
65332;1938;563;24;33;28;2
65333;1862;596;22;33;28;4
65334;889;596;23;33;28;4
65335;1205;200;27;33;28;2
65336;1273;596;23;33;28;4
65337;1119;629;20;33;28;4
65338;1393;596;23;33;28;4
65344;1946;662;9;33;28;10
65345;1490;629;19;33;28;5
65346;1390;629;19;33;28;5
65347;1710;629;19;33;28;5
65348;1750;629;19;33;28;5
65349;1770;629;19;33;28;5
65350;52;662;16;33;28;5
65351;1810;629;19;33;28;5
65352;481;629;21;33;28;5
65353;1;695;7;33;28;10
65354;1551;662;12;33;28;5
65355;503;629;21;33;28;5
65356;2013;662;7;33;28;10
65357;1613;563;24;33;28;2
65358;591;629;21;33;28;5
65359;1730;629;19;33;28;5
65360;1470;629;19;33;28;5
65361;1850;629;19;33;28;5
65362;18;662;16;33;28;5
65363;1984;629;17;33;28;4
65364;120;662;16;33;28;5
65365;657;629;21;33;28;5
65366;346;629;22;33;28;4
65367;1537;596;23;33;28;4
65368;1350;629;19;33;28;5
65369;899;629;21;33;28;5
65370;1550;629;19;33;28;5
65374;670;497;25;33;28;2
65381;30;695;6;33;14;4
65383;1216;662;13;33;14;0
65384;894;662;13;33;14;0
65388;936;662;13;33;14;0
65390;1600;662;11;33;14;2
65391;1132;662;13;33;14;0
65392;1524;662;13;33;14;0
65393;1034;662;13;33;14;0
65398;698;662;13;33;14;0
65399;726;662;13;33;14;0
65400;1510;662;13;33;14;0
65402;1636;662;11;33;14;2
65404;1118;662;13;33;14;0
65405;992;662;13;33;14;0
65406;852;662;13;33;14;0
65407;1356;662;13;33;14;0
65408;1328;662;13;33;14;0
65409;1076;662;13;33;14;0
65411;1062;662;13;33;14;0
65412;1860;662;10;33;14;2
65413;1020;662;13;33;14;0
65417;1720;662;11;33;14;2
65418;1090;662;13;33;14;0
65419;1768;662;11;33;14;2
65420;1146;662;13;33;14;0
65421;1440;662;13;33;14;0
65423;964;662;13;33;14;0
65424;460;662;13;33;14;0
65426;1398;662;13;33;14;0
65430;264;662;13;33;14;0
65431;474;662;13;33;14;0
65432;1684;662;11;33;14;2
65433;201;662;15;33;14;0
65435;1648;662;11;33;14;2
65436;768;662;13;33;14;0
65437;782;662;13;33;14;0
65438;1849;662;10;33;14;0
65439;1915;662;10;33;14;0
