"PixelMplus10-Regular.ttf";20;False;False;0;1;1;1
32;149;794;1;24;10;0
33;145;794;3;24;10;4
34;977;770;7;24;10;2
35;11;770;9;24;10;0
36;999;746;9;24;10;0
37;989;746;9;24;10;0
38;979;746;9;24;10;0
39;137;794;3;24;10;4
40;985;770;7;24;10;2
41;17;794;7;24;10;0
42;939;746;9;24;10;0
43;929;746;9;24;10;0
44;101;794;5;24;10;2
45;909;746;9;24;10;0
46;121;794;3;24;10;2
47;889;746;9;24;10;0
48;879;746;9;24;10;0
49;41;794;7;24;10;0
50;859;746;9;24;10;0
51;849;746;9;24;10;0
52;839;746;9;24;10;0
53;829;746;9;24;10;0
54;819;746;9;24;10;0
55;809;746;9;24;10;0
56;799;746;9;24;10;0
57;789;746;9;24;10;0
58;113;794;3;24;10;4
59;107;794;5;24;10;2
60;759;746;9;24;10;0
61;749;746;9;24;10;0
62;739;746;9;24;10;0
63;729;746;9;24;10;0
64;949;746;9;24;10;0
65;1;770;9;24;10;0
66;21;770;9;24;10;0
67;31;770;9;24;10;0
68;51;770;9;24;10;0
69;61;770;9;24;10;0
70;71;770;9;24;10;0
71;101;770;9;24;10;0
72;121;770;9;24;10;0
73;33;794;7;24;10;2
74;141;770;9;24;10;0
75;151;770;9;24;10;0
76;161;770;9;24;10;0
77;171;770;9;24;10;0
78;181;770;9;24;10;0
79;191;770;9;24;10;0
80;211;770;9;24;10;0
81;221;770;9;24;10;0
82;231;770;9;24;10;0
83;241;770;9;24;10;0
84;477;746;11;24;10;0
85;251;770;9;24;10;0
86;261;770;9;24;10;0
87;441;746;11;24;10;0
88;271;770;9;24;10;0
89;281;770;9;24;10;0
90;291;770;9;24;10;0
91;969;770;7;24;10;2
92;941;770;9;24;10;0
93;993;770;7;24;10;0
94;357;746;11;24;10;0
95;331;770;9;24;10;0
96;77;794;5;24;10;2
97;351;770;9;24;10;0
98;361;770;9;24;10;0
99;371;770;9;24;10;0
100;381;770;9;24;10;0
101;391;770;9;24;10;0
102;401;770;9;24;10;0
103;411;770;9;24;10;0
104;421;770;9;24;10;0
105;1009;770;7;24;10;2
106;961;770;7;24;10;0
107;461;770;9;24;10;0
108;25;794;7;24;10;2
109;333;746;11;24;10;0
110;481;770;9;24;10;0
111;491;770;9;24;10;0
112;501;770;9;24;10;0
113;511;770;9;24;10;0
114;521;770;9;24;10;0
115;531;770;9;24;10;0
116;541;770;9;24;10;0
117;551;770;9;24;10;0
118;561;770;9;24;10;0
119;489;746;11;24;10;0
120;591;770;9;24;10;0
121;611;770;9;24;10;0
122;621;770;9;24;10;0
123;631;770;9;24;10;0
124;117;794;3;24;10;4
125;651;770;9;24;10;0
126;671;770;9;24;10;0
215;681;770;9;24;10;0
8213;67;2;21;24;20;0
8217;57;794;7;24;20;4
8220;891;722;13;24;20;4
8221;877;722;13;24;20;2
8230;1;698;17;24;20;0
8251;1;50;19;24;20;0
8592;21;50;19;24;20;0
8593;625;722;15;24;20;2
8594;61;50;19;24;20;0
8595;673;722;15;24;20;2
8800;689;722;15;24;20;2
9675;121;50;19;24;20;0
9733;141;50;19;24;20;0
9834;807;722;13;24;20;2
9839;793;722;13;24;20;4
12288;151;794;1;24;20;0
12289;95;794;5;24;20;2
12290;711;770;9;24;20;2
12293;737;722;13;24;20;2
12300;721;770;9;24;20;8
12301;731;770;9;24;20;2
12302;609;746;11;24;20;6
12303;597;746;11;24;20;2
12353;657;722;15;24;20;2
12354;381;50;19;24;20;0
12355;641;722;15;24;20;2
12356;421;50;19;24;20;0
12357;849;722;13;24;20;2
12358;609;722;15;24;20;2
12359;863;722;13;24;20;4
12360;501;50;19;24;20;0
12361;577;722;15;24;20;2
12362;541;50;19;24;20;0
12363;561;50;19;24;20;0
12364;581;50;19;24;20;0
12365;601;50;19;24;20;0
12366;201;122;19;24;20;0
12367;741;770;9;24;20;4
12368;811;698;17;24;20;2
12369;681;50;19;24;20;0
12370;701;50;19;24;20;0
12371;529;722;15;24;20;2
12372;741;50;19;24;20;0
12373;761;50;19;24;20;0
12374;781;50;19;24;20;0
12375;513;722;15;24;20;2
12376;37;698;17;24;20;2
12377;841;50;19;24;20;0
12378;861;50;19;24;20;0
12379;881;50;19;24;20;0
12380;901;50;19;24;20;0
12381;127;698;17;24;20;2
12382;941;50;19;24;20;0
12383;961;50;19;24;20;0
12384;981;50;19;24;20;0
12385;1001;50;19;24;20;0
12386;1;74;19;24;20;0
12387;465;722;15;24;20;2
12388;163;698;17;24;20;0
12389;61;74;19;24;20;0
12390;81;74;19;24;20;0
12391;101;74;19;24;20;0
12392;169;746;13;24;20;4
12393;289;698;17;24;20;2
12394;161;74;19;24;20;0
12395;361;698;17;24;20;2
12396;201;74;19;24;20;0
12397;221;74;19;24;20;0
12398;241;74;19;24;20;0
12399;261;74;19;24;20;0
12400;281;74;19;24;20;0
12401;301;74;19;24;20;0
12402;321;74;19;24;20;0
12403;341;74;19;24;20;0
12404;361;74;19;24;20;0
12405;381;74;19;24;20;0
12406;401;74;19;24;20;0
12407;421;74;19;24;20;0
12408;441;74;19;24;20;0
12409;461;74;19;24;20;0
12410;481;74;19;24;20;0
12411;501;74;19;24;20;0
12412;23;2;21;24;20;0
12413;541;74;19;24;20;0
12414;561;74;19;24;20;0
12415;581;74;19;24;20;0
12416;601;74;19;24;20;0
12417;621;74;19;24;20;0
12418;385;722;15;24;20;2
12419;369;722;15;24;20;2
12420;681;74;19;24;20;0
12421;353;722;15;24;20;2
12422;721;74;19;24;20;0
12423;183;746;13;24;20;2
12424;321;722;15;24;20;2
12425;305;722;15;24;20;2
12426;321;746;11;24;20;4
12427;273;722;15;24;20;2
12428;841;74;19;24;20;0
12429;257;722;15;24;20;2
12430;241;722;15;24;20;2
12431;901;74;19;24;20;0
12432;921;74;19;24;20;0
12433;941;74;19;24;20;0
12434;379;698;17;24;20;2
12435;397;698;17;24;20;2
12443;751;770;9;24;20;2
12444;761;770;9;24;20;2
12449;267;746;13;24;20;4
12450;433;698;17;24;20;2
12451;295;746;13;24;20;4
12452;113;722;15;24;20;2
12453;197;746;13;24;20;4
12454;469;698;17;24;20;2
12455;65;722;15;24;20;2
12456;161;98;19;24;20;0
12457;127;746;13;24;20;4
12458;201;98;19;24;20;0
12459;505;698;17;24;20;2
12460;241;98;19;24;20;0
12461;261;98;19;24;20;0
12462;281;98;19;24;20;0
12463;17;722;15;24;20;2
12464;321;98;19;24;20;0
12465;523;698;17;24;20;2
12466;361;98;19;24;20;0
12467;1005;698;15;24;20;2
12468;401;98;19;24;20;0
12469;421;98;19;24;20;0
12470;441;98;19;24;20;0
12471;559;698;17;24;20;2
12472;577;698;17;24;20;2
12473;595;698;17;24;20;0
12474;521;98;19;24;20;0
12475;541;98;19;24;20;0
12476;561;98;19;24;20;0
12477;613;698;17;24;20;2
12478;601;98;19;24;20;0
12479;925;698;15;24;20;2
12480;641;98;19;24;20;0
12481;661;98;19;24;20;0
12482;681;98;19;24;20;0
12483;85;746;13;24;20;4
12484;667;698;17;24;20;2
12485;741;98;19;24;20;0
12486;761;98;19;24;20;0
12487;781;98;19;24;20;0
12488;43;746;13;24;20;4
12489;861;698;15;24;20;4
12490;757;698;17;24;20;2
12491;793;698;17;24;20;2
12492;545;722;15;24;20;2
12493;901;98;19;24;20;0
12494;829;698;15;24;20;2
12495;775;698;17;24;20;2
12496;961;98;19;24;20;0
12497;981;98;19;24;20;0
12498;845;698;15;24;20;2
12499;739;698;17;24;20;2
12500;721;698;17;24;20;2
12501;703;698;17;24;20;2
12502;61;122;19;24;20;0
12503;81;122;19;24;20;0
12504;101;122;19;24;20;0
12505;121;122;19;24;20;0
12506;141;122;19;24;20;0
12507;161;122;19;24;20;0
12508;181;122;19;24;20;0
12509;45;2;21;24;20;0
12510;685;698;17;24;20;2
12511;29;746;13;24;20;4
12512;649;698;17;24;20;2
12513;631;698;17;24;20;2
12514;301;122;19;24;20;0
12515;1003;722;13;24;20;4
12516;341;122;19;24;20;0
12517;957;698;15;24;20;2
12518;381;122;19;24;20;0
12519;525;746;11;24;20;4
12520;989;698;15;24;20;2
12521;541;698;17;24;20;2
12522;645;746;11;24;20;4
12523;481;122;19;24;20;0
12524;33;722;15;24;20;4
12525;487;698;17;24;20;2
12526;751;722;13;24;20;4
12527;451;698;17;24;20;2
12528;581;122;19;24;20;0
12529;601;122;19;24;20;0
12530;145;722;15;24;20;2
12531;415;698;17;24;20;2
12532;661;122;19;24;20;0
12533;209;722;15;24;20;2
12534;225;722;15;24;20;2
12539;1017;770;5;24;20;6
12540;343;698;17;24;20;2
19968;761;122;19;24;20;0
19969;781;122;19;24;20;0
19975;801;122;19;24;20;0
19976;821;122;19;24;20;0
19977;841;122;19;24;20;0
19978;861;122;19;24;20;0
19979;881;122;19;24;20;0
19981;901;122;19;24;20;0
19982;921;122;19;24;20;0
19990;941;122;19;24;20;0
20001;961;122;19;24;20;0
20006;981;122;19;24;20;0
20013;1001;122;19;24;20;0
20024;1;146;19;24;20;0
20027;21;146;19;24;20;0
20037;41;146;19;24;20;0
20055;61;146;19;24;20;0
20057;325;698;17;24;20;2
20081;101;146;19;24;20;0
20083;121;146;19;24;20;0
20102;141;146;19;24;20;0
20104;161;146;19;24;20;0
20105;181;146;19;24;20;0
20107;201;146;19;24;20;0
20108;221;146;19;24;20;0
20114;241;146;19;24;20;0
20117;261;146;19;24;20;0
20123;281;146;19;24;20;0
20129;301;146;19;24;20;0
20132;321;146;19;24;20;0
20139;341;146;19;24;20;0
20154;361;146;19;24;20;0
20161;381;146;19;24;20;0
20170;401;146;19;24;20;0
20171;421;146;19;24;20;0
20181;441;146;19;24;20;0
20182;461;146;19;24;20;0
20184;481;146;19;24;20;0
20195;501;146;19;24;20;0
20196;521;146;19;24;20;0
20197;541;146;19;24;20;0
20206;561;146;19;24;20;0
20208;581;146;19;24;20;0
20210;601;146;19;24;20;0
20214;621;146;19;24;20;0
20219;641;146;19;24;20;0
20225;661;146;19;24;20;0
20241;681;146;19;24;20;0
20250;701;146;19;24;20;0
20253;721;146;19;24;20;0
20280;741;146;19;24;20;0
20284;761;146;19;24;20;0
20301;781;146;19;24;20;0
20302;801;146;19;24;20;0
20303;821;146;19;24;20;0
20307;841;146;19;24;20;0
20309;861;146;19;24;20;0
20313;881;146;19;24;20;0
20316;901;146;19;24;20;0
20351;921;146;19;24;20;0
20363;941;146;19;24;20;0
20379;961;146;19;24;20;0
20381;981;146;19;24;20;0
20385;1001;146;19;24;20;0
20398;1;170;19;24;20;0
20405;21;170;19;24;20;0
20415;41;170;19;24;20;0
20418;61;170;19;24;20;0
20445;81;170;19;24;20;0
20449;101;170;19;24;20;0
20462;121;170;19;24;20;0
20467;141;170;19;24;20;0
20491;161;170;19;24;20;0
20493;181;170;19;24;20;0
20498;201;170;19;24;20;0
20505;221;170;19;24;20;0
20511;241;170;19;24;20;0
20516;261;170;19;24;20;0
20523;281;170;19;24;20;0
20534;301;170;19;24;20;0
20553;321;170;19;24;20;0
20572;341;170;19;24;20;0
20581;361;170;19;24;20;0
20596;381;170;19;24;20;0
20598;401;170;19;24;20;0
20605;421;170;19;24;20;0
20625;441;170;19;24;20;0
20633;461;170;19;24;20;0
20652;481;170;19;24;20;0
20663;501;170;19;24;20;0
20670;521;170;19;24;20;0
20685;541;170;19;24;20;0
20687;561;170;19;24;20;0
20693;581;170;19;24;20;0
20711;601;170;19;24;20;0
20736;621;170;19;24;20;0
20778;641;170;19;24;20;0
20803;661;170;19;24;20;0
20804;681;170;19;24;20;0
20805;701;170;19;24;20;0
20808;721;170;19;24;20;0
20809;741;170;19;24;20;0
20811;761;170;19;24;20;0
20813;781;170;19;24;20;0
20814;801;170;19;24;20;0
20837;821;170;19;24;20;0
20840;841;170;19;24;20;0
20844;861;170;19;24;20;0
20845;881;170;19;24;20;0
20849;901;170;19;24;20;0
20853;921;170;19;24;20;0
20855;941;170;19;24;20;0
20856;961;170;19;24;20;0
20860;981;170;19;24;20;0
20869;1001;170;19;24;20;0
20877;1;194;19;24;20;0
20882;307;698;17;24;20;2
20889;41;194;19;24;20;0
20896;61;194;19;24;20;0
20908;81;194;19;24;20;0
20918;101;194;19;24;20;0
20919;121;194;19;24;20;0
20941;141;194;19;24;20;0
20957;161;194;19;24;20;0
20961;181;194;19;24;20;0
20966;201;194;19;24;20;0
20982;221;194;19;24;20;0
20986;241;194;19;24;20;0
20992;261;194;19;24;20;0
20995;281;194;19;24;20;0
20998;301;194;19;24;20;0
20999;321;194;19;24;20;0
21000;341;194;19;24;20;0
21009;361;194;19;24;20;0
21015;381;194;19;24;20;0
21021;401;194;19;24;20;0
21028;421;194;19;24;20;0
21029;441;194;19;24;20;0
21033;461;194;19;24;20;0
21038;481;194;19;24;20;0
21040;501;194;19;24;20;0
21046;521;194;19;24;20;0
21048;541;194;19;24;20;0
21050;561;194;19;24;20;0
21051;581;194;19;24;20;0
21063;601;194;19;24;20;0
21066;621;194;19;24;20;0
21069;641;194;19;24;20;0
21091;661;194;19;24;20;0
21092;681;194;19;24;20;0
21103;701;194;19;24;20;0
21106;721;194;19;24;20;0
21109;741;194;19;24;20;0
21127;761;194;19;24;20;0
21147;781;194;19;24;20;0
21151;801;194;19;24;20;0
21152;821;194;19;24;20;0
21155;841;194;19;24;20;0
21161;861;194;19;24;20;0
21162;881;194;19;24;20;0
21172;901;194;19;24;20;0
21177;921;194;19;24;20;0
21191;941;194;19;24;20;0
21193;961;194;19;24;20;0
21205;981;194;19;24;20;0
21208;1001;194;19;24;20;0
21209;1;218;19;24;20;0
21213;21;218;19;24;20;0
21215;41;218;19;24;20;0
21218;61;218;19;24;20;0
21253;81;218;19;24;20;0
21270;101;218;19;24;20;0
21271;121;218;19;24;20;0
21305;141;218;19;24;20;0
21306;161;218;19;24;20;0
21307;181;218;19;24;20;0
21313;201;218;19;24;20;0
21315;221;218;19;24;20;0
21320;241;218;19;24;20;0
21322;261;218;19;24;20;0
21330;281;218;19;24;20;0
21332;301;218;19;24;20;0
21335;321;218;19;24;20;0
21336;341;218;19;24;20;0
21344;417;722;15;24;20;2
21360;381;218;19;24;20;0
21361;401;218;19;24;20;0
21363;421;218;19;24;20;0
21364;441;218;19;24;20;0
21375;461;218;19;24;20;0
21380;481;218;19;24;20;0
21402;501;218;19;24;20;0
21407;521;218;19;24;20;0
21416;541;218;19;24;20;0
21427;561;218;19;24;20;0
21435;581;218;19;24;20;0
21442;601;218;19;24;20;0
21451;621;218;19;24;20;0
21452;641;218;19;24;20;0
21453;661;218;19;24;20;0
21454;681;218;19;24;20;0
21462;701;218;19;24;20;0
21463;721;218;19;24;20;0
21475;741;218;19;24;20;0
21476;761;218;19;24;20;0
21477;781;218;19;24;20;0
21483;801;218;19;24;20;0
21484;821;218;19;24;20;0
21487;841;218;19;24;20;0
21488;861;218;19;24;20;0
21490;881;218;19;24;20;0
21491;901;218;19;24;20;0
21495;921;218;19;24;20;0
21496;941;218;19;24;20;0
21508;961;218;19;24;20;0
21512;981;218;19;24;20;0
21513;1001;218;19;24;20;0
21516;1;242;19;24;20;0
21517;21;242;19;24;20;0
21520;41;242;19;24;20;0
21521;61;242;19;24;20;0
21531;81;242;19;24;20;0
21542;101;242;19;24;20;0
21547;121;242;19;24;20;0
21560;141;242;19;24;20;0
21561;161;242;19;24;20;0
21576;181;242;19;24;20;0
21578;201;242;19;24;20;0
21608;221;242;19;24;20;0
21610;241;242;19;24;20;0
21619;261;242;19;24;20;0
21621;281;242;19;24;20;0
21628;301;242;19;24;20;0
21629;321;242;19;24;20;0
21638;341;242;19;24;20;0
21644;361;242;19;24;20;0
21682;381;242;19;24;20;0
21697;401;242;19;24;20;0
21729;271;698;17;24;20;2
21742;441;242;19;24;20;0
21764;461;242;19;24;20;0
21807;481;242;19;24;20;0
21809;501;242;19;24;20;0
21830;521;242;19;24;20;0
21839;541;242;19;24;20;0
21892;561;242;19;24;20;0
21914;581;242;19;24;20;0
21916;601;242;19;24;20;0
21927;621;242;19;24;20;0
21942;641;242;19;24;20;0
21978;661;242;19;24;20;0
22120;681;242;19;24;20;0
22132;701;242;19;24;20;0
22234;721;242;19;24;20;0
22235;741;242;19;24;20;0
22238;761;242;19;24;20;0
22243;781;242;19;24;20;0
22256;801;242;19;24;20;0
22258;821;242;19;24;20;0
22259;841;242;19;24;20;0
22266;861;242;19;24;20;0
22269;881;242;19;24;20;0
22290;901;242;19;24;20;0
22303;921;242;19;24;20;0
22311;941;242;19;24;20;0
22312;961;242;19;24;20;0
22320;981;242;19;24;20;0
22343;1001;242;19;24;20;0
22346;1;266;19;24;20;0
22402;21;266;19;24;20;0
22411;41;266;19;24;20;0
22434;61;266;19;24;20;0
22467;81;266;19;24;20;0
22475;101;266;19;24;20;0
22478;121;266;19;24;20;0
22495;141;266;19;24;20;0
22519;161;266;19;24;20;0
22522;181;266;19;24;20;0
22530;201;266;19;24;20;0
22570;221;266;19;24;20;0
22577;241;266;19;24;20;0
22580;261;266;19;24;20;0
22581;281;266;19;24;20;0
22602;301;266;19;24;20;0
22659;321;266;19;24;20;0
22675;341;266;19;24;20;0
22679;361;266;19;24;20;0
22721;381;266;19;24;20;0
22727;401;266;19;24;20;0
22730;421;266;19;24;20;0
22732;441;266;19;24;20;0
22763;461;266;19;24;20;0
22766;481;266;19;24;20;0
22768;501;266;19;24;20;0
22769;521;266;19;24;20;0
22770;541;266;19;24;20;0
22793;561;266;19;24;20;0
22799;581;266;19;24;20;0
22805;253;698;17;24;20;2
22806;621;266;19;24;20;0
22810;641;266;19;24;20;0
22812;661;266;19;24;20;0
22818;681;266;19;24;20;0
22823;701;266;19;24;20;0
22825;721;266;19;24;20;0
22826;741;266;19;24;20;0
22827;761;266;19;24;20;0
22833;781;266;19;24;20;0
22855;801;266;19;24;20;0
22856;821;266;19;24;20;0
22857;841;266;19;24;20;0
22863;861;266;19;24;20;0
22865;881;266;19;24;20;0
22885;901;266;19;24;20;0
22888;921;266;19;24;20;0
22890;941;266;19;24;20;0
22899;961;266;19;24;20;0
22909;981;266;19;24;20;0
22914;1001;266;19;24;20;0
22934;1;290;19;24;20;0
22937;21;290;19;24;20;0
22949;41;290;19;24;20;0
22956;61;290;19;24;20;0
22969;81;290;19;24;20;0
22985;101;290;19;24;20;0
22987;121;290;19;24;20;0
23019;141;290;19;24;20;0
23039;161;290;19;24;20;0
23041;181;290;19;24;20;0
23064;201;290;19;24;20;0
23130;221;290;19;24;20;0
23142;241;290;19;24;20;0
23241;261;290;19;24;20;0
23244;281;290;19;24;20;0
23265;301;290;19;24;20;0
23330;321;290;19;24;20;0
23376;341;290;19;24;20;0
23380;361;290;19;24;20;0
23383;381;290;19;24;20;0
23384;401;290;19;24;20;0
23395;421;290;19;24;20;0
23396;441;290;19;24;20;0
23398;461;290;19;24;20;0
23429;481;290;19;24;20;0
23432;501;290;19;24;20;0
23433;521;290;19;24;20;0
23436;541;290;19;24;20;0
23448;561;290;19;24;20;0
23450;581;290;19;24;20;0
23453;601;290;19;24;20;0
23455;621;290;19;24;20;0
23458;641;290;19;24;20;0
23459;661;290;19;24;20;0
23460;681;290;19;24;20;0
23470;701;290;19;24;20;0
23475;721;290;19;24;20;0
23478;741;290;19;24;20;0
23481;761;290;19;24;20;0
23487;781;290;19;24;20;0
23492;801;290;19;24;20;0
23494;821;290;19;24;20;0
23500;841;290;19;24;20;0
23506;861;290;19;24;20;0
23515;881;290;19;24;20;0
23517;901;290;19;24;20;0
23519;921;290;19;24;20;0
23529;941;290;19;24;20;0
23534;961;290;19;24;20;0
23550;981;290;19;24;20;0
23553;1001;290;19;24;20;0
23554;1;314;19;24;20;0
23556;21;314;19;24;20;0
23562;41;314;19;24;20;0
23566;61;314;19;24;20;0
23567;81;314;19;24;20;0
23569;101;314;19;24;20;0
23601;121;314;19;24;20;0
23613;141;314;19;24;20;0
23616;161;314;19;24;20;0
23621;181;314;19;24;20;0
23624;201;314;19;24;20;0
23626;221;314;19;24;20;0
23627;241;314;19;24;20;0
23637;261;314;19;24;20;0
23646;281;314;19;24;20;0
23652;301;314;19;24;20;0
23653;321;314;19;24;20;0
23665;341;314;19;24;20;0
23721;361;314;19;24;20;0
23724;381;314;19;24;20;0
23769;401;314;19;24;20;0
23798;421;314;19;24;20;0
23815;441;314;19;24;20;0
23849;461;314;19;24;20;0
23888;481;314;19;24;20;0
24029;501;314;19;24;20;0
24035;521;314;19;24;20;0
24037;541;314;19;24;20;0
24038;561;314;19;24;20;0
24040;235;698;17;24;20;2
24046;601;314;19;24;20;0
24049;217;698;17;24;20;2
24059;641;314;19;24;20;0
24066;661;314;19;24;20;0
24067;681;314;19;24;20;0
24076;701;314;19;24;20;0
24093;721;314;19;24;20;0
24107;741;314;19;24;20;0
24109;761;314;19;24;20;0
24111;781;314;19;24;20;0
24112;801;314;19;24;20;0
24115;821;314;19;24;20;0
24120;841;314;19;24;20;0
24125;861;314;19;24;20;0
24133;881;314;19;24;20;0
24149;901;314;19;24;20;0
24178;921;314;19;24;20;0
24179;941;314;19;24;20;0
24180;961;314;19;24;20;0
24184;981;314;19;24;20;0
24187;1001;314;19;24;20;0
24188;1;338;19;24;20;0
24190;21;338;19;24;20;0
24195;41;338;19;24;20;0
24202;61;338;19;24;20;0
24207;81;338;19;24;20;0
24213;101;338;19;24;20;0
24215;121;338;19;24;20;0
24230;141;338;19;24;20;0
24231;161;338;19;24;20;0
24235;181;338;19;24;20;0
24237;201;338;19;24;20;0
24247;221;338;19;24;20;0
24259;241;338;19;24;20;0
24310;261;338;19;24;20;0
24311;281;338;19;24;20;0
24314;301;338;19;24;20;0
24330;321;338;19;24;20;0
24335;341;338;19;24;20;0
24336;361;338;19;24;20;0
24341;199;698;17;24;20;0
24351;401;338;19;24;20;0
24358;421;338;19;24;20;0
24369;441;338;19;24;20;0
24373;461;338;19;24;20;0
24375;481;338;19;24;20;0
24382;501;338;19;24;20;0
24403;181;698;17;24;20;2
24418;541;338;19;24;20;0
24425;561;338;19;24;20;0
24427;581;338;19;24;20;0
24432;601;338;19;24;20;0
24433;621;338;19;24;20;0
24441;641;338;19;24;20;0
24444;661;338;19;24;20;0
24449;681;338;19;24;20;0
24453;701;338;19;24;20;0
24459;721;338;19;24;20;0
24460;741;338;19;24;20;0
24467;761;338;19;24;20;0
24471;781;338;19;24;20;0
24481;801;338;19;24;20;0
24489;821;338;19;24;20;0
24499;841;338;19;24;20;0
24500;861;338;19;24;20;0
24515;881;338;19;24;20;0
24517;901;338;19;24;20;0
24525;921;338;19;24;20;0
24535;941;338;19;24;20;0
24536;961;338;19;24;20;0
24537;981;338;19;24;20;0
24540;1001;338;19;24;20;0
24544;1;362;19;24;20;0
24555;21;362;19;24;20;0
24565;41;362;19;24;20;0
24594;61;362;19;24;20;0
24598;81;362;19;24;20;0
24605;101;362;19;24;20;0
24613;121;362;19;24;20;0
24615;141;362;19;24;20;0
24618;161;362;19;24;20;0
24651;181;362;19;24;20;0
24653;201;362;19;24;20;0
24656;221;362;19;24;20;0
24677;241;362;19;24;20;0
24680;261;362;19;24;20;0
24681;281;362;19;24;20;0
24687;301;362;19;24;20;0
24693;321;362;19;24;20;0
24724;341;362;19;24;20;0
24735;361;362;19;24;20;0
24745;381;362;19;24;20;0
24746;401;362;19;24;20;0
24754;421;362;19;24;20;0
24773;441;362;19;24;20;0
24785;461;362;19;24;20;0
24794;481;362;19;24;20;0
24796;501;362;19;24;20;0
24808;521;362;19;24;20;0
24819;541;362;19;24;20;0
24841;561;362;19;24;20;0
24847;581;362;19;24;20;0
24858;601;362;19;24;20;0
24859;621;362;19;24;20;0
24863;641;362;19;24;20;0
24904;661;362;19;24;20;0
24907;681;362;19;24;20;0
24931;701;362;19;24;20;0
24942;721;362;19;24;20;0
24974;741;362;19;24;20;0
25014;761;362;19;24;20;0
25040;781;362;19;24;20;0
25074;801;362;19;24;20;0
25104;821;362;19;24;20;0
25105;841;362;19;24;20;0
25106;861;362;19;24;20;0
25126;881;362;19;24;20;0
25151;901;362;19;24;20;0
25152;921;362;19;24;20;0
25161;941;362;19;24;20;0
25163;961;362;19;24;20;0
25165;981;362;19;24;20;0
25171;1001;362;19;24;20;0
25173;1;386;19;24;20;0
25201;21;386;19;24;20;0
25215;41;386;19;24;20;0
25216;61;386;19;24;20;0
25226;81;386;19;24;20;0
25233;101;386;19;24;20;0
25237;121;386;19;24;20;0
25239;141;386;19;24;20;0
25240;161;386;19;24;20;0
25244;181;386;19;24;20;0
25246;201;386;19;24;20;0
25259;221;386;19;24;20;0
25265;241;386;19;24;20;0
25269;261;386;19;24;20;0
25273;281;386;19;24;20;0
25276;301;386;19;24;20;0
25285;321;386;19;24;20;0
25293;341;386;19;24;20;0
25296;361;386;19;24;20;0
25298;381;386;19;24;20;0
25303;401;386;19;24;20;0
25307;421;386;19;24;20;0
25309;441;386;19;24;20;0
25312;461;386;19;24;20;0
25313;481;386;19;24;20;0
25335;501;386;19;24;20;0
25342;521;386;19;24;20;0
25345;541;386;19;24;20;0
25351;561;386;19;24;20;0
25361;581;386;19;24;20;0
25369;601;386;19;24;20;0
25387;621;386;19;24;20;0
25391;641;386;19;24;20;0
25429;661;386;19;24;20;0
25436;681;386;19;24;20;0
25448;701;386;19;24;20;0
25475;721;386;19;24;20;0
25480;741;386;19;24;20;0
25490;761;386;19;24;20;0
25496;781;386;19;24;20;0
25499;1;2;21;24;20;0
25505;821;386;19;24;20;0
25506;841;386;19;24;20;0
25509;861;386;19;24;20;0
25512;881;386;19;24;20;0
25522;901;386;19;24;20;0
25551;921;386;19;24;20;0
25552;941;386;19;24;20;0
25563;961;386;19;24;20;0
25569;981;386;19;24;20;0
25582;1001;386;19;24;20;0
25588;1;410;19;24;20;0
25594;21;410;19;24;20;0
25613;41;410;19;24;20;0
25666;61;410;19;24;20;0
25705;81;410;19;24;20;0
25731;101;410;19;24;20;0
25764;121;410;19;24;20;0
25774;141;410;19;24;20;0
25793;161;410;19;24;20;0
25805;181;410;19;24;20;0
25903;201;410;19;24;20;0
25913;221;410;19;24;20;0
25915;241;410;19;24;20;0
25918;261;410;19;24;20;0
25919;281;410;19;24;20;0
25925;301;410;19;24;20;0
25935;321;410;19;24;20;0
25937;341;410;19;24;20;0
25943;361;410;19;24;20;0
25945;381;410;19;24;20;0
25954;401;410;19;24;20;0
25955;421;410;19;24;20;0
25964;441;410;19;24;20;0
25968;461;410;19;24;20;0
25972;481;410;19;24;20;0
25973;501;410;19;24;20;0
25975;521;410;19;24;20;0
25991;541;410;19;24;20;0
26007;561;410;19;24;20;0
26009;581;410;19;24;20;0
26023;601;410;19;24;20;0
26029;621;410;19;24;20;0
26032;641;410;19;24;20;0
26041;661;410;19;24;20;0
26053;681;410;19;24;20;0
26059;701;410;19;24;20;0
26063;721;410;19;24;20;0
26082;741;410;19;24;20;0
26085;449;722;15;24;20;2
26089;781;410;19;24;20;0
26118;801;410;19;24;20;0
26119;821;410;19;24;20;0
26126;841;410;19;24;20;0
26132;801;386;19;24;20;0
26143;881;410;19;24;20;0
26144;901;410;19;24;20;0
26149;921;410;19;24;20;0
26151;941;410;19;24;20;0
26152;961;410;19;24;20;0
26172;981;410;19;24;20;0
26178;1001;410;19;24;20;0
26217;1;434;19;24;20;0
26222;21;434;19;24;20;0
26223;41;434;19;24;20;0
26228;61;434;19;24;20;0
26230;81;434;19;24;20;0
26247;101;434;19;24;20;0
26257;121;434;19;24;20;0
26262;141;434;19;24;20;0
26263;161;434;19;24;20;0
26286;181;434;19;24;20;0
26292;201;434;19;24;20;0
26311;221;434;19;24;20;0
26332;241;434;19;24;20;0
26354;261;434;19;24;20;0
26356;281;434;19;24;20;0
26360;301;434;19;24;20;0
26367;321;434;19;24;20;0
26368;341;434;19;24;20;0
26376;481;722;15;24;20;2
26377;381;434;19;24;20;0
26381;401;434;19;24;20;0
26391;421;434;19;24;20;0
26395;441;434;19;24;20;0
26397;461;434;19;24;20;0
26399;481;434;19;24;20;0
26408;501;434;19;24;20;0
26410;521;434;19;24;20;0
26411;541;434;19;24;20;0
26412;561;434;19;24;20;0
26413;581;434;19;24;20;0
26429;601;434;19;24;20;0
26441;621;434;19;24;20;0
26448;641;434;19;24;20;0
26463;661;434;19;24;20;0
26465;681;434;19;24;20;0
26469;701;434;19;24;20;0
26479;721;434;19;24;20;0
26481;741;434;19;24;20;0
26495;761;434;19;24;20;0
26512;781;434;19;24;20;0
26517;801;434;19;24;20;0
26522;821;434;19;24;20;0
26524;841;434;19;24;20;0
26525;861;434;19;24;20;0
26528;881;434;19;24;20;0
26543;901;434;19;24;20;0
26564;921;434;19;24;20;0
26576;941;434;19;24;20;0
26579;961;434;19;24;20;0
26609;981;434;19;24;20;0
26613;1001;434;19;24;20;0
26619;1;458;19;24;20;0
26628;21;458;19;24;20;0
26657;41;458;19;24;20;0
26666;61;458;19;24;20;0
26680;81;458;19;24;20;0
26681;101;458;19;24;20;0
26684;121;458;19;24;20;0
26696;141;458;19;24;20;0
26800;161;458;19;24;20;0
26820;181;458;19;24;20;0
26834;201;458;19;24;20;0
26842;221;458;19;24;20;0
26862;241;458;19;24;20;0
26866;261;458;19;24;20;0
26908;281;458;19;24;20;0
26989;301;458;19;24;20;0
26997;321;458;19;24;20;0
27005;341;458;19;24;20;0
27083;361;458;19;24;20;0
27096;381;458;19;24;20;0
27161;401;458;19;24;20;0
27169;421;458;19;24;20;0
27177;441;458;19;24;20;0
27178;461;458;19;24;20;0
27193;481;458;19;24;20;0
27211;501;458;19;24;20;0
27231;521;458;19;24;20;0
27396;541;458;19;24;20;0
27424;561;458;19;24;20;0
27425;581;458;19;24;20;0
27442;601;458;19;24;20;0
27468;621;458;19;24;20;0
27475;641;458;19;24;20;0
27490;661;458;19;24;20;0
27491;681;458;19;24;20;0
27492;701;458;19;24;20;0
27494;721;458;19;24;20;0
27497;741;458;19;24;20;0
27503;761;458;19;24;20;0
27507;781;458;19;24;20;0
27508;801;458;19;24;20;0
27515;821;458;19;24;20;0
27530;841;458;19;24;20;0
27531;861;458;19;24;20;0
27572;881;458;19;24;20;0
27573;901;458;19;24;20;0
27578;921;458;19;24;20;0
27579;941;458;19;24;20;0
27583;961;458;19;24;20;0
27597;981;458;19;24;20;0
27598;1001;458;19;24;20;0
27602;1;482;19;24;20;0
27604;21;482;19;24;20;0
27611;41;482;19;24;20;0
27663;61;482;19;24;20;0
27665;81;482;19;24;20;0
27671;101;482;19;24;20;0
27700;121;482;19;24;20;0
27703;141;482;19;24;20;0
27704;161;482;19;24;20;0
27713;181;482;19;24;20;0
27714;201;482;19;24;20;0
27735;221;482;19;24;20;0
27738;241;482;19;24;20;0
27744;261;482;19;24;20;0
27770;281;482;19;24;20;0
27784;301;482;19;24;20;0
27788;321;482;19;24;20;0
27809;341;482;19;24;20;0
27833;361;482;19;24;20;0
27835;381;482;19;24;20;0
27836;401;482;19;24;20;0
27841;421;482;19;24;20;0
27849;441;482;19;24;20;0
27850;461;482;19;24;20;0
27861;481;482;19;24;20;0
27873;501;482;19;24;20;0
27874;521;482;19;24;20;0
27875;541;482;19;24;20;0
27880;561;482;19;24;20;0
27888;581;482;19;24;20;0
27891;601;482;19;24;20;0
27915;621;482;19;24;20;0
27927;641;482;19;24;20;0
27934;661;482;19;24;20;0
27963;681;482;19;24;20;0
27966;701;482;19;24;20;0
27969;721;482;19;24;20;0
27972;741;482;19;24;20;0
28014;761;482;19;24;20;0
28020;781;482;19;24;20;0
28023;801;482;19;24;20;0
28024;821;482;19;24;20;0
28040;841;482;19;24;20;0
28057;861;482;19;24;20;0
28082;881;482;19;24;20;0
28129;901;482;19;24;20;0
28145;921;482;19;24;20;0
28149;941;482;19;24;20;0
28151;961;482;19;24;20;0
28155;981;482;19;24;20;0
28165;1001;482;19;24;20;0
28168;1;506;19;24;20;0
28171;21;506;19;24;20;0
28187;41;506;19;24;20;0
28193;61;506;19;24;20;0
28201;81;506;19;24;20;0
28204;101;506;19;24;20;0
28207;121;506;19;24;20;0
28246;141;506;19;24;20;0
28271;161;506;19;24;20;0
28287;181;506;19;24;20;0
28288;201;506;19;24;20;0
28304;221;506;19;24;20;0
28310;241;506;19;24;20;0
28342;261;506;19;24;20;0
28357;281;506;19;24;20;0
28382;301;506;19;24;20;0
28436;321;506;19;24;20;0
28448;341;506;19;24;20;0
28450;361;506;19;24;20;0
28500;381;506;19;24;20;0
28608;401;506;19;24;20;0
28611;421;506;19;24;20;0
28655;441;506;19;24;20;0
28734;461;506;19;24;20;0
28779;481;506;19;24;20;0
28783;501;506;19;24;20;0
28797;521;506;19;24;20;0
28814;541;506;19;24;20;0
28857;561;506;19;24;20;0
28858;581;506;19;24;20;0
28872;601;506;19;24;20;0
28937;621;506;19;24;20;0
28961;641;506;19;24;20;0
28966;661;506;19;24;20;0
28982;681;506;19;24;20;0
28988;701;506;19;24;20;0
29017;721;506;19;24;20;0
29031;741;506;19;24;20;0
29038;761;506;19;24;20;0
29087;781;506;19;24;20;0
29105;801;506;19;24;20;0
29123;821;506;19;24;20;0
29190;841;506;19;24;20;0
29211;861;506;19;24;20;0
29238;881;506;19;24;20;0
29255;901;506;19;24;20;0
29256;921;506;19;24;20;0
29275;941;506;19;24;20;0
29282;961;506;19;24;20;0
29287;981;506;19;24;20;0
29289;1001;506;19;24;20;0
29305;1;530;19;24;20;0
29359;21;530;19;24;20;0
29366;41;530;19;24;20;0
29401;61;530;19;24;20;0
29420;81;530;19;24;20;0
29421;101;530;19;24;20;0
29467;121;530;19;24;20;0
29483;141;530;19;24;20;0
29486;161;530;19;24;20;0
29508;181;530;19;24;20;0
29539;201;530;19;24;20;0
29554;221;530;19;24;20;0
29572;241;530;19;24;20;0
29575;261;530;19;24;20;0
29577;281;530;19;24;20;0
29579;301;530;19;24;20;0
29694;321;530;19;24;20;0
29699;341;530;19;24;20;0
29702;361;530;19;24;20;0
29872;381;530;19;24;20;0
29976;401;530;19;24;20;0
29983;421;530;19;24;20;0
29987;441;530;19;24;20;0
29992;461;530;19;24;20;0
30001;109;698;17;24;20;2
30003;91;698;17;24;20;2
30007;521;530;19;24;20;0
30010;541;530;19;24;20;0
30011;561;530;19;24;20;0
30028;581;530;19;24;20;0
30033;601;530;19;24;20;0
30053;621;530;19;24;20;0
30058;641;530;19;24;20;0
30064;661;530;19;24;20;0
30094;681;530;19;24;20;0
30097;701;530;19;24;20;0
30130;721;530;19;24;20;0
30149;741;530;19;24;20;0
30151;761;530;19;24;20;0
30171;781;530;19;24;20;0
30274;801;530;19;24;20;0
30330;821;530;19;24;20;0
30331;841;530;19;24;20;0
30333;73;698;17;24;20;2
30334;881;530;19;24;20;0
30340;901;530;19;24;20;0
30342;921;530;19;24;20;0
30382;941;530;19;24;20;0
30399;961;530;19;24;20;0
30406;981;530;19;24;20;0
30423;1001;530;19;24;20;0
30427;1;554;19;24;20;0
30435;21;554;19;24;20;0
30436;41;554;19;24;20;0
30446;497;722;15;24;20;2
30452;81;554;19;24;20;0
30456;101;554;19;24;20;0
30465;121;554;19;24;20;0
30475;141;554;19;24;20;0
30495;161;554;19;24;20;0
30496;181;554;19;24;20;0
30519;201;554;19;24;20;0
30522;221;554;19;24;20;0
30528;241;554;19;24;20;0
30636;261;554;19;24;20;0
30643;281;554;19;24;20;0
30690;301;554;19;24;20;0
30693;321;554;19;24;20;0
30701;341;554;19;24;20;0
30707;361;554;19;24;20;0
30722;381;554;19;24;20;0
30740;401;554;19;24;20;0
30741;421;554;19;24;20;0
30770;441;554;19;24;20;0
30772;461;554;19;24;20;0
30828;481;554;19;24;20;0
30906;501;554;19;24;20;0
30913;521;554;19;24;20;0
30952;541;554;19;24;20;0
30990;561;554;19;24;20;0
31034;581;554;19;24;20;0
31036;601;554;19;24;20;0
31038;621;554;19;24;20;0
31048;641;554;19;24;20;0
31069;661;554;19;24;20;0
31070;681;554;19;24;20;0
31085;701;554;19;24;20;0
31105;721;554;19;24;20;0
31119;741;554;19;24;20;0
31168;761;554;19;24;20;0
31169;781;554;19;24;20;0
31185;801;554;19;24;20;0
31186;821;554;19;24;20;0
31192;841;554;19;24;20;0
31209;861;554;19;24;20;0
31216;881;554;19;24;20;0
31227;901;554;19;24;20;0
31243;921;554;19;24;20;0
31246;941;554;19;24;20;0
31278;961;554;19;24;20;0
31292;981;554;19;24;20;0
31295;1001;554;19;24;20;0
31309;1;578;19;24;20;0
31311;21;578;19;24;20;0
31348;41;578;19;24;20;0
31350;61;578;19;24;20;0
31354;81;578;19;24;20;0
31361;101;578;19;24;20;0
31379;121;578;19;24;20;0
31391;141;578;19;24;20;0
31435;161;578;19;24;20;0
31452;181;578;19;24;20;0
31461;201;578;19;24;20;0
31471;221;578;19;24;20;0
31478;241;578;19;24;20;0
31505;261;578;19;24;20;0
31526;281;578;19;24;20;0
31532;301;578;19;24;20;0
31561;321;578;19;24;20;0
31563;341;578;19;24;20;0
31568;361;578;19;24;20;0
31572;381;578;19;24;20;0
31574;401;578;19;24;20;0
31639;421;578;19;24;20;0
31649;441;578;19;24;20;0
31665;461;578;19;24;20;0
31680;481;578;19;24;20;0
31684;501;578;19;24;20;0
31689;521;578;19;24;20;0
31777;541;578;19;24;20;0
31807;561;578;19;24;20;0
31881;581;578;19;24;20;0
31934;601;578;19;24;20;0
31958;621;578;19;24;20;0
31992;641;578;19;24;20;0
31995;661;578;19;24;20;0
32004;681;578;19;24;20;0
32013;701;578;19;24;20;0
32020;721;578;19;24;20;0
32025;741;578;19;24;20;0
32026;761;578;19;24;20;0
32027;781;578;19;24;20;0
32032;801;578;19;24;20;0
32034;821;578;19;24;20;0
32047;841;578;19;24;20;0
32048;861;578;19;24;20;0
32051;881;578;19;24;20;0
32057;901;578;19;24;20;0
32066;921;578;19;24;20;0
32068;941;578;19;24;20;0
32070;961;578;19;24;20;0
32076;981;578;19;24;20;0
32080;1001;578;19;24;20;0
32097;1;602;19;24;20;0
32098;21;602;19;24;20;0
32102;41;602;19;24;20;0
32113;61;602;19;24;20;0
32117;81;602;19;24;20;0
32118;101;602;19;24;20;0
32153;121;602;19;24;20;0
32154;141;602;19;24;20;0
32173;161;602;19;24;20;0
32191;181;602;19;24;20;0
32202;201;602;19;24;20;0
32209;221;602;19;24;20;0
32210;241;602;19;24;20;0
32218;261;602;19;24;20;0
32232;281;602;19;24;20;0
32244;301;602;19;24;20;0
32257;321;602;19;24;20;0
32260;341;602;19;24;20;0
32283;361;602;19;24;20;0
32294;381;602;19;24;20;0
32302;401;602;19;24;20;0
32318;421;602;19;24;20;0
32321;441;602;19;24;20;0
32566;461;602;19;24;20;0
32618;481;602;19;24;20;0
32622;501;602;19;24;20;0
32624;521;602;19;24;20;0
32626;541;602;19;24;20;0
32645;561;602;19;24;20;0
32650;581;602;19;24;20;0
32654;601;602;19;24;20;0
32676;621;602;19;24;20;0
32680;641;602;19;24;20;0
32681;661;602;19;24;20;0
32701;681;602;19;24;20;0
32722;701;602;19;24;20;0
32763;721;602;19;24;20;0
32764;741;602;19;24;20;0
32769;761;602;19;24;20;0
32771;781;602;19;24;20;0
32773;801;602;19;24;20;0
32784;821;602;19;24;20;0
32819;841;602;19;24;20;0
32854;861;602;19;24;20;0
32862;881;602;19;24;20;0
32884;901;602;19;24;20;0
32887;921;602;19;24;20;0
32902;941;602;19;24;20;0
32905;961;602;19;24;20;0
32908;981;602;19;24;20;0
32925;1001;602;19;24;20;0
32930;1;626;19;24;20;0
32937;21;626;19;24;20;0
32946;41;626;19;24;20;0
32963;19;698;17;24;20;2
32966;81;626;19;24;20;0
32972;101;626;19;24;20;0
32990;121;626;19;24;20;0
33012;141;626;19;24;20;0
33016;161;626;19;24;20;0
33021;181;626;19;24;20;0
33026;201;626;19;24;20;0
33032;221;626;19;24;20;0
33050;241;626;19;24;20;0
33073;261;626;19;24;20;0
33075;281;626;19;24;20;0
33104;301;626;19;24;20;0
33109;321;626;19;24;20;0
33136;341;626;19;24;20;0
33144;361;626;19;24;20;0
33145;381;626;19;24;20;0
33192;401;626;19;24;20;0
33222;421;626;19;24;20;0
33235;441;626;19;24;20;0
33251;461;626;19;24;20;0
33256;481;626;19;24;20;0
33258;593;722;15;24;20;2
33261;521;626;19;24;20;0
33267;541;626;19;24;20;0
33268;561;626;19;24;20;0
33288;581;626;19;24;20;0
33292;601;626;19;24;20;0
33310;621;626;19;24;20;0
33337;641;626;19;24;20;0
33391;661;626;19;24;20;0
33394;681;626;19;24;20;0
33455;701;626;19;24;20;0
33457;721;626;19;24;20;0
33464;741;626;19;24;20;0
33509;761;626;19;24;20;0
33510;781;626;19;24;20;0
33521;801;626;19;24;20;0
33590;821;626;19;24;20;0
33609;841;626;19;24;20;0
33618;861;626;19;24;20;0
33624;881;626;19;24;20;0
33655;901;626;19;24;20;0
33747;921;626;19;24;20;0
33775;941;626;19;24;20;0
33853;961;626;19;24;20;0
33865;981;626;19;24;20;0
33900;1001;626;19;24;20;0
33988;1;650;19;24;20;0
34101;21;650;19;24;20;0
34180;41;650;19;24;20;0
34220;61;650;19;24;20;0
34384;81;650;19;24;20;0
34394;101;650;19;24;20;0
34411;121;650;19;24;20;0
34509;141;650;19;24;20;0
34521;161;650;19;24;20;0
34542;181;650;19;24;20;0
34678;201;650;19;24;20;0
34701;221;650;19;24;20;0
34880;241;650;19;24;20;0
34886;261;650;19;24;20;0
34892;281;650;19;24;20;0
34899;301;650;19;24;20;0
34903;321;650;19;24;20;0
34909;341;650;19;24;20;0
34913;361;650;19;24;20;0
34915;381;650;19;24;20;0
34920;401;650;19;24;20;0
34955;421;650;19;24;20;0
34987;441;650;19;24;20;0
35009;461;650;19;24;20;0
35010;481;650;19;24;20;0
35013;501;650;19;24;20;0
35023;521;650;19;24;20;0
35029;541;650;19;24;20;0
35036;561;650;19;24;20;0
35069;581;650;19;24;20;0
35079;601;650;19;24;20;0
35090;621;650;19;24;20;0
35186;641;650;19;24;20;0
35199;661;650;19;24;20;0
35201;681;650;19;24;20;0
35206;701;650;19;24;20;0
35207;721;650;19;24;20;0
35211;741;650;19;24;20;0
35215;761;650;19;24;20;0
35222;781;650;19;24;20;0
35226;801;650;19;24;20;0
35239;821;650;19;24;20;0
35242;841;650;19;24;20;0
35251;861;650;19;24;20;0
35282;881;650;19;24;20;0
35299;901;650;19;24;20;0
35302;921;650;19;24;20;0
35328;941;650;19;24;20;0
35336;961;650;19;24;20;0
35342;981;650;19;24;20;0
35347;1001;650;19;24;20;0
35352;1;674;19;24;20;0
35370;21;674;19;24;20;0
35373;41;674;19;24;20;0
35377;61;674;19;24;20;0
35379;81;674;19;24;20;0
35382;101;674;19;24;20;0
35386;121;674;19;24;20;0
35388;141;674;19;24;20;0
35413;161;674;19;24;20;0
35422;181;674;19;24;20;0
35430;201;674;19;24;20;0
35433;221;674;19;24;20;0
35440;241;674;19;24;20;0
35441;261;674;19;24;20;0
35463;281;674;19;24;20;0
35465;301;674;19;24;20;0
35469;321;674;19;24;20;0
35475;341;674;19;24;20;0
35477;361;674;19;24;20;0
35480;381;674;19;24;20;0
35486;401;674;19;24;20;0
35488;421;674;19;24;20;0
35492;441;674;19;24;20;0
35500;461;674;19;24;20;0
35501;481;674;19;24;20;0
35504;501;674;19;24;20;0
35506;521;674;19;24;20;0
35519;541;674;19;24;20;0
35527;561;674;19;24;20;0
35531;581;674;19;24;20;0
35576;601;674;19;24;20;0
35582;621;674;19;24;20;0
35611;641;674;19;24;20;0
35613;661;674;19;24;20;0
35617;681;674;19;24;20;0
35635;701;674;19;24;20;0
35672;721;674;19;24;20;0
35686;741;674;19;24;20;0
35696;761;674;19;24;20;0
35703;781;674;19;24;20;0
35895;801;674;19;24;20;0
35914;821;674;19;24;20;0
35937;841;674;19;24;20;0
35946;861;674;19;24;20;0
35997;881;674;19;24;20;0
36000;901;674;19;24;20;0
36001;921;674;19;24;20;0
36002;941;674;19;24;20;0
36008;961;674;19;24;20;0
36009;981;674;19;24;20;0
36011;1001;674;19;24;20;0
36012;501;626;19;24;20;0
36015;61;626;19;24;20;0
36020;61;554;19;24;20;0
36023;55;698;17;24;20;2
36024;861;530;19;24;20;0
36027;501;530;19;24;20;0
36028;481;530;19;24;20;0
36039;361;434;19;24;20;0
36042;861;410;19;24;20;0
36059;761;410;19;24;20;0
36060;521;338;19;24;20;0
36062;381;338;19;24;20;0
36066;621;314;19;24;20;0
36074;581;314;19;24;20;0
36077;601;266;19;24;20;0
36092;421;242;19;24;20;0
36104;361;218;19;24;20;0
36196;21;194;19;24;20;0
36198;81;146;19;24;20;0
36208;741;122;19;24;20;0
36215;721;122;19;24;20;0
36229;701;122;19;24;20;0
36234;681;122;19;24;20;0
36259;641;122;19;24;20;0
36275;621;122;19;24;20;0
36321;561;122;19;24;20;0
36335;541;122;19;24;20;0
36362;521;122;19;24;20;0
36367;501;122;19;24;20;0
36468;461;122;19;24;20;0
36523;441;122;19;24;20;0
36554;421;122;19;24;20;0
36557;401;122;19;24;20;0
36562;361;122;19;24;20;0
36578;321;122;19;24;20;0
36605;281;122;19;24;20;0
36617;261;122;19;24;20;0
36637;241;122;19;24;20;0
36649;221;122;19;24;20;0
36650;41;122;19;24;20;0
36763;21;122;19;24;20;0
36766;1;122;19;24;20;0
36785;1001;98;19;24;20;0
36794;941;98;19;24;20;0
36795;921;98;19;24;20;0
36796;881;98;19;24;20;0
36805;861;98;19;24;20;0
36814;841;98;19;24;20;0
36817;821;98;19;24;20;0
36820;801;98;19;24;20;0
36843;721;98;19;24;20;0
36855;701;98;19;24;20;0
36861;621;98;19;24;20;0
36864;581;98;19;24;20;0
36865;501;98;19;24;20;0
36867;481;98;19;24;20;0
36870;461;98;19;24;20;0
36884;381;98;19;24;20;0
36890;341;98;19;24;20;0
36895;301;98;19;24;20;0
36896;221;98;19;24;20;0
36899;181;98;19;24;20;0
36913;141;98;19;24;20;0
36914;121;98;19;24;20;0
36930;101;98;19;24;20;0
36933;81;98;19;24;20;0
36935;61;98;19;24;20;0
36938;41;98;19;24;20;0
36939;21;98;19;24;20;0
36942;1;98;19;24;20;0
36947;1001;74;19;24;20;0
36948;981;74;19;24;20;0
36949;961;74;19;24;20;0
36960;881;74;19;24;20;0
36969;861;74;19;24;20;0
36973;821;74;19;24;20;0
36984;801;74;19;24;20;0
36991;781;74;19;24;20;0
37034;761;74;19;24;20;0
37048;741;74;19;24;20;0
37070;701;74;19;24;20;0
37096;661;74;19;24;20;0
37117;641;74;19;24;20;0
37197;181;74;19;24;20;0
37228;141;74;19;24;20;0
37237;121;74;19;24;20;0
37239;41;74;19;24;20;0
37240;21;74;19;24;20;0
37266;921;50;19;24;20;0
37325;821;50;19;24;20;0
37326;801;50;19;24;20;0
37327;721;50;19;24;20;0
37329;661;50;19;24;20;0
37341;641;50;19;24;20;0
37347;521;50;19;24;20;0
37504;481;50;19;24;20;0
37507;461;50;19;24;20;0
37549;441;50;19;24;20;0
37624;401;50;19;24;20;0
37628;361;50;19;24;20;0
37682;341;50;19;24;20;0
37723;321;50;19;24;20;0
37782;301;50;19;24;20;0
37799;281;50;19;24;20;0
37857;261;50;19;24;20;0
37969;241;50;19;24;20;0
38263;221;50;19;24;20;0
38272;201;50;19;24;20;0
38281;181;50;19;24;20;0
38283;161;50;19;24;20;0
38289;101;50;19;24;20;0
38291;81;50;19;24;20;0
38306;41;50;19;24;20;0
38343;1001;26;19;24;20;0
38360;981;26;19;24;20;0
38450;961;26;19;24;20;0
38459;941;26;19;24;20;0
38477;901;26;19;24;20;0
38480;881;26;19;24;20;0
38491;861;26;19;24;20;0
38499;841;26;19;24;20;0
38500;821;26;19;24;20;0
38501;801;26;19;24;20;0
38512;781;26;19;24;20;0
38522;761;26;19;24;20;0
38525;741;26;19;24;20;0
38538;721;26;19;24;20;0
38542;701;26;19;24;20;0
38543;681;26;19;24;20;0
38548;661;26;19;24;20;0
38555;641;26;19;24;20;0
38556;621;26;19;24;20;0
38560;601;26;19;24;20;0
38596;581;26;19;24;20;0
38597;561;26;19;24;20;0
38598;541;26;19;24;20;0
38599;521;26;19;24;20;0
38604;501;26;19;24;20;0
38609;481;26;19;24;20;0
38626;461;26;19;24;20;0
38627;441;26;19;24;20;0
38632;421;26;19;24;20;0
38634;401;26;19;24;20;0
38640;381;26;19;24;20;0
38642;361;26;19;24;20;0
38647;341;26;19;24;20;0
38651;321;26;19;24;20;0
38656;301;26;19;24;20;0
38684;281;26;19;24;20;0
38695;261;26;19;24;20;0
38706;241;26;19;24;20;0
38738;221;26;19;24;20;0
38745;201;26;19;24;20;0
38750;181;26;19;24;20;0
38754;161;26;19;24;20;0
38761;141;26;19;24;20;0
38899;121;26;19;24;20;0
38911;101;26;19;24;20;0
38915;81;26;19;24;20;0
38917;61;26;19;24;20;0
38918;41;26;19;24;20;0
38920;21;26;19;24;20;0
38928;1;26;19;24;20;0
38929;989;2;19;24;20;0
38936;969;2;19;24;20;0
38957;949;2;19;24;20;0
38972;929;2;19;24;20;0
38988;909;2;19;24;20;0
38989;889;2;19;24;20;0
38996;869;2;19;24;20;0
39000;849;2;19;24;20;0
39006;829;2;19;24;20;0
39015;809;2;19;24;20;0
39080;789;2;19;24;20;0
39131;769;2;19;24;20;0
39135;749;2;19;24;20;0
39154;729;2;19;24;20;0
39164;709;2;19;24;20;0
39165;689;2;19;24;20;0
39166;669;2;19;24;20;0
39178;649;2;19;24;20;0
39208;629;2;19;24;20;0
39318;609;2;19;24;20;0
39321;589;2;19;24;20;0
39361;569;2;19;24;20;0
39366;549;2;19;24;20;0
39378;529;2;19;24;20;0
39438;509;2;19;24;20;0
39442;489;2;19;24;20;0
39443;469;2;19;24;20;0
39514;449;2;19;24;20;0
39592;429;2;19;24;20;0
39640;409;2;19;24;20;0
39658;389;2;19;24;20;0
39740;369;2;19;24;20;0
39749;349;2;19;24;20;0
39764;329;2;19;24;20;0
39854;309;2;19;24;20;0
40165;289;2;19;24;20;0
40180;269;2;19;24;20;0
40599;249;2;19;24;20;0
40614;229;2;19;24;20;0
40644;209;2;19;24;20;0
40658;189;2;19;24;20;0
40665;169;2;19;24;20;0
40723;149;2;19;24;20;0
40736;129;2;19;24;20;0
40763;109;2;19;24;20;0
40802;89;2;19;24;20;0
65281;129;794;3;24;20;8
65284;721;722;15;24;20;2
65285;921;26;19;24;20;0
65286;145;698;17;24;20;2
65288;9;794;7;24;20;10
65289;1;794;7;24;20;2
65290;401;722;15;24;20;2
65291;81;722;15;24;20;2
65293;1;722;15;24;20;2
65294;71;794;5;24;20;4
65295;621;50;19;24;20;0
65296;765;722;13;24;20;4
65297;1001;770;7;24;20;6
65298;779;722;13;24;20;4
65299;821;722;13;24;20;4
65300;835;722;13;24;20;4
65301;905;722;13;24;20;4
65302;919;722;13;24;20;4
65303;933;722;13;24;20;4
65304;947;722;13;24;20;4
65305;961;722;13;24;20;4
65306;83;794;5;24;20;6
65309;973;698;15;24;20;2
65311;989;722;13;24;20;2
65313;941;698;15;24;20;2
65314;15;746;13;24;20;4
65315;893;698;15;24;20;2
65316;877;698;15;24;20;2
65317;57;746;13;24;20;4
65318;71;746;13;24;20;4
65319;909;698;15;24;20;2
65320;99;746;13;24;20;4
65321;133;794;3;24;20;8
65322;113;746;13;24;20;4
65323;49;722;15;24;20;4
65324;155;746;13;24;20;4
65325;97;722;15;24;20;2
65326;225;746;13;24;20;4
65327;129;722;15;24;20;2
65328;281;746;13;24;20;4
65329;161;722;15;24;20;2
65330;253;746;13;24;20;4
65331;239;746;13;24;20;4
65332;177;722;15;24;20;2
65333;211;746;13;24;20;4
65334;289;722;15;24;20;2
65335;521;74;19;24;20;0
65336;337;722;15;24;20;2
65337;433;722;15;24;20;2
65338;141;746;13;24;20;4
65345;345;746;11;24;20;4
65346;369;746;11;24;20;4
65347;393;746;11;24;20;4
65348;405;746;11;24;20;4
65349;417;746;11;24;20;4
65350;429;746;11;24;20;4
65351;453;746;11;24;20;4
65352;465;746;11;24;20;4
65353;141;794;3;24;20;8
65354;581;770;9;24;20;4
65355;1;746;13;24;20;4
65356;125;794;3;24;20;8
65357;561;722;15;24;20;2
65358;513;746;11;24;20;4
65359;975;722;13;24;20;4
65360;537;746;11;24;20;4
65361;549;746;11;24;20;4
65362;661;770;9;24;20;6
65363;561;746;11;24;20;4
65364;573;746;11;24;20;4
65365;585;746;11;24;20;4
65366;633;746;11;24;20;4
65367;705;722;15;24;20;2
65368;705;746;11;24;20;4
65369;657;746;11;24;20;4
65370;501;746;11;24;20;4
65374;193;722;15;24;20;2
65381;65;794;5;24;10;2
65382;771;770;9;24;10;0
65383;781;770;9;24;10;0
65384;791;770;9;24;10;0
65385;801;770;9;24;10;0
65388;811;770;9;24;10;0
65389;821;770;9;24;10;0
65390;831;770;9;24;10;0
65391;841;770;9;24;10;0
65392;851;770;9;24;10;0
65393;861;770;9;24;10;0
65394;871;770;9;24;10;0
65395;881;770;9;24;10;0
65396;891;770;9;24;10;0
65397;693;746;11;24;10;0
65398;911;770;9;24;10;0
65399;921;770;9;24;10;0
65400;931;770;9;24;10;0
65401;381;746;11;24;10;0
65402;951;770;9;24;10;0
65403;309;746;11;24;10;0
65404;601;770;9;24;10;0
65405;571;770;9;24;10;0
65406;311;770;9;24;10;0
65407;201;770;9;24;10;0
65408;111;770;9;24;10;0
65409;81;770;9;24;10;0
65410;41;770;9;24;10;0
65411;681;746;11;24;10;0
65412;1009;746;9;24;10;2
65413;669;746;11;24;10;0
65414;701;770;9;24;10;0
65416;621;746;11;24;10;0
65417;49;794;7;24;10;0
65418;691;770;9;24;10;0
65419;641;770;9;24;10;0
65420;471;770;9;24;10;0
65421;441;770;9;24;10;0
65422;431;770;9;24;10;0
65423;341;770;9;24;10;0
65424;321;770;9;24;10;0
65425;301;770;9;24;10;0
65426;131;770;9;24;10;0
65427;769;746;9;24;10;0
65428;779;746;9;24;10;0
65430;869;746;9;24;10;0
65431;899;746;9;24;10;0
65432;919;746;9;24;10;0
65433;717;746;11;24;10;0
65434;959;746;9;24;10;0
65435;969;746;9;24;10;0
65436;91;770;9;24;10;0
65437;451;770;9;24;10;0
65438;89;794;5;24;10;0
65439;901;770;9;24;10;0
