"TT_UDKakugoC80-M.ttf";14;False;False;0;1;1;1
32;680;402;1;20;7;0
33;633;402;4;20;7;2
34;145;402;7;20;7;0
35;870;382;8;20;7;0
36;861;382;8;20;7;0
37;825;382;8;20;7;0
38;699;382;8;20;7;0
39;539;402;5;20;7;0
40;533;402;5;20;7;3
41;515;402;5;20;7;0
42;564;382;8;20;7;0
43;555;382;8;20;7;0
44;509;402;5;20;7;0
45;537;382;8;20;7;0
46;648;402;4;20;7;0
47;519;382;8;20;7;0
48;465;382;8;20;7;0
49;587;402;5;20;7;1
50;438;382;8;20;7;0
51;357;382;8;20;7;0
52;321;382;8;20;7;0
53;267;382;8;20;7;0
54;213;382;8;20;7;0
55;225;402;7;20;7;1
56;186;382;8;20;7;0
57;168;382;8;20;7;0
58;673;402;4;20;7;2
59;497;402;5;20;7;1
60;141;382;8;20;7;0
61;132;382;8;20;7;0
62;258;382;8;20;7;0
63;339;382;8;20;7;0
64;969;382;8;20;7;0
65;55;402;8;20;7;0
66;960;382;8;20;7;0
67;780;382;8;20;7;0
68;726;382;8;20;7;0
69;241;402;7;20;7;1
70;273;402;7;20;7;1
71;285;382;8;20;7;0
72;492;382;8;20;7;0
73;668;402;4;20;7;2
74;467;402;5;20;7;1
75;265;402;7;20;7;1
76;185;402;7;20;7;1
77;636;382;8;20;7;0
78;762;382;8;20;7;0
79;771;382;8;20;7;0
80;789;382;8;20;7;0
81;807;382;8;20;7;0
82;879;382;8;20;7;0
83;888;382;8;20;7;0
84;978;382;8;20;7;0
85;1005;382;8;20;7;0
86;64;402;8;20;7;0
87;987;382;8;20;7;0
88;951;382;8;20;7;0
89;942;382;8;20;7;0
90;933;382;8;20;7;0
91;581;402;5;20;7;3
92;897;382;8;20;7;0
93;575;402;5;20;7;0
94;383;402;6;20;7;1
95;834;382;8;20;7;0
96;563;402;5;20;7;3
97;105;402;7;20;7;0
98;113;402;7;20;7;1
99;137;402;7;20;7;0
100;153;402;7;20;7;0
101;708;382;8;20;7;0
102;369;402;6;20;7;1
103;672;382;8;20;7;0
104;663;382;8;20;7;0
105;663;402;4;20;7;2
106;527;402;5;20;7;1
107;257;402;7;20;7;1
108;658;402;4;20;7;2
109;591;382;8;20;7;0
110;582;382;8;20;7;0
111;546;382;8;20;7;0
112;297;402;7;20;7;1
113;201;402;7;20;7;0
114;449;402;5;20;7;2
115;418;402;6;20;7;1
116;411;402;6;20;7;1
117;429;382;8;20;7;0
118;420;382;8;20;7;0
119;411;382;8;20;7;0
120;393;382;8;20;7;0
121;384;382;8;20;7;0
122;366;382;8;20;7;0
123;431;402;5;20;7;3
124;653;402;4;20;7;2
125;437;402;5;20;7;0
126;362;402;6;20;6;0
160;0;1;1;20;0;0
180;455;402;5;20;11;4
183;643;402;4;20;3;0
215;122;382;9;20;11;2
969;629;362;10;20;11;1
8213;379;22;13;20;11;0
8217;638;402;4;20;11;0
8220;334;402;6;20;11;6
8221;327;402;6;20;11;0
8230;53;322;12;20;11;0
8592;963;302;12;20;11;0
8593;222;382;8;20;11;2
8594;924;302;12;20;11;0
8595;204;382;8;20;11;2
8704;706;362;10;20;11;1
9651;781;302;12;20;11;0
9733;533;22;13;20;11;0
9834;102;382;9;20;11;2
9839;92;382;9;20;11;2
12288;678;402;1;20;11;0
12289;461;402;5;20;11;0
12290;397;402;6;20;11;0
12293;49;362;11;20;11;0
12300;473;402;5;20;11;7
12301;479;402;5;20;11;0
12302;491;402;5;20;11;7
12303;320;402;6;20;11;0
12353;849;362;10;20;11;1
12354;14;302;12;20;11;0
12355;882;362;10;20;11;1
12356;972;342;11;20;11;1
12357;904;362;10;20;11;1
12358;915;362;10;20;11;1
12359;948;362;10;20;11;1
12360;833;282;12;20;11;0
12361;936;342;11;20;11;1
12362;703;282;12;20;11;0
12363;664;282;12;20;11;0
12364;841;22;13;20;11;0
12365;337;362;11;20;11;1
12366;625;282;12;20;11;1
12367;992;362;10;20;11;1
12368;924;342;11;20;11;1
12369;960;342;11;20;11;1
12370;209;282;12;20;11;1
12371;926;362;10;20;11;1
12372;144;282;12;20;11;1
12373;61;362;11;20;11;1
12374;729;262;12;20;11;1
12375;761;362;10;20;11;2
12376;750;362;10;20;11;2
12377;625;262;12;20;11;0
12378;15;42;13;20;11;0
12379;612;262;12;20;11;0
12380;43;42;13;20;11;0
12381;573;262;12;20;11;0
12382;443;262;12;20;11;0
12383;417;262;12;20;11;0
12384;99;42;13;20;11;0
12385;85;362;11;20;11;1
12386;365;262;12;20;11;1
12387;728;362;10;20;11;1
12388;222;262;12;20;11;0
12389;169;42;13;20;11;0
12390;209;262;12;20;11;0
12391;197;42;13;20;11;0
12392;717;362;10;20;11;1
12393;105;262;12;20;11;1
12394;79;262;12;20;11;0
12395;121;362;11;20;11;1
12396;53;262;12;20;11;0
12397;281;42;13;20;11;0
12398;27;262;12;20;11;0
12399;1;262;12;20;11;1
12400;133;362;11;20;11;1
12401;157;362;11;20;11;1
12402;846;242;12;20;11;1
12403;365;42;13;20;11;0
12404;755;242;12;20;11;0
12405;742;242;12;20;11;0
12406;407;42;13;20;11;0
12407;421;42;13;20;11;0
12408;703;242;12;20;11;0
12409;677;242;12;20;11;0
12410;664;242;12;20;11;0
12411;169;362;11;20;11;1
12412;181;362;11;20;11;1
12413;193;362;11;20;11;1
12414;229;362;11;20;11;1
12415;533;42;13;20;11;0
12416;586;242;12;20;11;0
12417;482;242;12;20;11;0
12418;253;362;11;20;11;1
12419;563;362;10;20;11;1
12420;417;242;12;20;11;0
12421;552;362;10;20;11;1
12422;378;242;12;20;11;0
12423;541;362;10;20;11;1
12424;300;242;12;20;11;0
12425;265;362;11;20;11;1
12426;112;382;9;20;11;2
12427;131;242;12;20;11;0
12428;715;42;13;20;11;0
12429;105;242;12;20;11;0
12430;508;362;10;20;11;1
12431;40;242;12;20;11;0
12432;27;242;12;20;11;0
12433;785;42;13;20;11;0
12434;976;222;12;20;11;0
12435;963;222;12;20;11;0
12443;503;402;5;20;11;0
12444;628;402;4;20;11;0
12449;486;362;10;20;11;1
12450;859;222;12;20;11;0
12451;475;362;10;20;11;1
12452;755;222;12;20;11;0
12453;82;382;9;20;11;2
12454;970;362;10;20;11;1
12455;453;362;10;20;11;1
12456;703;222;12;20;11;0
12457;442;362;10;20;11;1
12458;664;222;12;20;11;0
12459;361;362;11;20;11;0
12460;1009;42;13;20;11;0
12461;638;222;12;20;11;0
12462;15;62;13;20;11;0
12463;625;222;12;20;11;0
12464;43;62;13;20;11;0
12465;534;222;12;20;11;0
12466;71;62;13;20;11;0
12467;409;362;10;20;11;1
12468;469;222;12;20;11;1
12469;456;222;12;20;11;0
12470;127;62;13;20;11;0
12471;430;222;12;20;11;0
12472;155;62;13;20;11;0
12473;352;222;12;20;11;0
12474;183;62;13;20;11;0
12475;300;222;12;20;11;0
12476;211;62;13;20;11;0
12477;373;362;11;20;11;1
12478;325;362;11;20;11;1
12479;144;222;12;20;11;0
12480;267;62;13;20;11;0
12481;40;222;12;20;11;0
12482;295;62;13;20;11;0
12483;497;362;10;20;11;1
12484;277;362;11;20;11;1
12485;898;202;12;20;11;1
12486;872;202;12;20;11;0
12487;365;62;13;20;11;0
12488;519;362;10;20;11;2
12489;574;362;10;20;11;2
12490;820;202;12;20;11;0
12491;742;202;12;20;11;0
12492;651;202;12;20;11;0
12493;625;202;12;20;11;0
12494;596;362;10;20;11;1
12495;534;202;12;20;11;0
12496;491;62;13;20;11;0
12497;521;202;12;20;11;0
12498;607;362;10;20;11;1
12499;313;202;12;20;11;1
12500;235;202;12;20;11;1
12501;217;362;11;20;11;1
12502;92;202;12;20;11;1
12503;205;362;11;20;11;1
12504;1002;182;12;20;11;0
12505;989;182;12;20;11;0
12506;976;182;12;20;11;0
12507;924;182;12;20;11;0
12508;659;62;13;20;11;0
12509;885;182;12;20;11;0
12510;859;182;12;20;11;0
12511;618;362;10;20;11;1
12512;833;182;12;20;11;0
12513;781;182;12;20;11;0
12514;768;182;12;20;11;0
12515;640;362;10;20;11;1
12516;729;182;12;20;11;0
12517;651;362;10;20;11;1
12518;690;182;12;20;11;0
12519;42;382;9;20;11;2
12520;673;362;10;20;11;1
12521;145;362;11;20;11;1
12522;753;382;8;20;11;2
12523;869;62;13;20;11;0
12524;684;362;10;20;11;2
12525;695;362;10;20;11;1
12526;32;382;9;20;11;2
12527;109;362;11;20;11;1
12528;365;182;12;20;11;0
12529;326;182;12;20;11;0
12530;739;362;10;20;11;1
12531;73;362;11;20;11;1
12532;40;182;12;20;11;1
12533;772;362;10;20;11;1
12534;783;362;10;20;11;1
12535;37;362;11;20;11;1
12539;545;402;5;20;11;4
12540;872;162;12;20;11;0
19968;859;162;12;20;11;0
19975;820;162;12;20;11;0
19976;85;82;13;20;11;0
19977;755;162;12;20;11;0
19978;690;162;12;20;11;0
19979;443;162;12;20;11;0
19981;141;82;13;20;11;0
19982;404;162;12;20;11;0
19990;391;162;12;20;11;0
20001;365;162;12;20;11;0
20006;352;162;12;20;11;0
20013;196;162;12;20;11;0
20024;225;82;13;20;11;0
20027;144;162;12;20;11;0
20055;253;82;13;20;11;0
20081;92;162;12;20;11;0
20083;79;162;12;20;11;0
20096;53;162;12;20;11;0
20102;859;142;12;20;11;0
20104;833;142;12;20;11;0
20105;807;142;12;20;11;0
20107;351;82;13;20;11;0
20108;794;142;12;20;11;0
20114;781;142;12;20;11;0
20116;768;142;12;20;11;0
20117;742;142;12;20;11;0
20132;421;82;13;20;11;0
20154;729;142;12;20;11;0
20161;716;142;12;20;11;0
20170;463;82;13;20;11;0
20181;703;142;12;20;11;0
20182;491;82;13;20;11;0
20184;690;142;12;20;11;0
20195;664;142;12;20;11;0
20196;612;142;12;20;11;0
20197;547;82;13;20;11;0
20206;599;142;12;20;11;0
20208;560;142;12;20;11;0
20210;547;142;12;20;11;0
20214;534;142;12;20;11;0
20219;617;82;13;20;11;0
20241;631;82;13;20;11;0
20250;469;142;12;20;11;0
20253;430;142;12;20;11;0
20280;391;142;12;20;11;0
20284;687;82;13;20;11;0
20301;701;82;13;20;11;0
20302;715;82;13;20;11;0
20303;378;142;12;20;11;0
20307;352;142;12;20;11;0
20309;757;82;13;20;11;0
20313;300;142;12;20;11;0
20316;118;142;12;20;11;0
20351;799;82;13;20;11;0
20363;105;142;12;20;11;0
20381;827;82;13;20;11;0
20385;841;82;13;20;11;0
20405;855;82;13;20;11;0
20418;869;82;13;20;11;0
20419;883;82;13;20;11;0
20439;897;82;13;20;11;0
20445;911;82;13;20;11;0
20449;92;142;12;20;11;0
20462;872;122;12;20;11;0
20489;820;122;12;20;11;0
20491;807;122;12;20;11;0
20493;794;122;12;20;11;0
20498;781;122;12;20;11;0
20505;1009;82;13;20;11;0
20511;612;122;12;20;11;0
20516;573;122;12;20;11;0
20553;534;122;12;20;11;0
20572;495;122;12;20;11;0
20581;482;122;12;20;11;0
20596;469;122;12;20;11;0
20598;352;122;12;20;11;0
20605;144;122;12;20;11;0
20625;113;102;13;20;11;0
20633;131;122;12;20;11;0
20663;118;122;12;20;11;0
20670;155;102;13;20;11;0
20685;27;122;12;20;11;0
20687;183;102;13;20;11;0
20693;197;102;13;20;11;0
20711;819;102;12;20;11;0
20736;624;102;12;20;11;0
20740;572;102;12;20;11;0
20778;253;102;13;20;11;0
20803;267;102;13;20;11;0
20804;281;102;13;20;11;0
20805;295;102;13;20;11;0
20806;403;102;12;20;11;0
20808;323;102;13;20;11;0
20809;337;102;13;20;11;0
20813;351;102;12;20;11;0
20814;364;102;12;20;11;0
20826;377;102;12;20;11;0
20837;390;102;12;20;11;0
20840;309;102;13;20;11;0
20844;416;102;12;20;11;0
20849;429;102;12;20;11;0
20853;442;102;12;20;11;0
20855;455;102;12;20;11;0
20856;468;102;12;20;11;0
20869;481;102;12;20;11;0
20870;301;362;11;20;11;1
20874;507;102;12;20;11;0
20877;520;102;12;20;11;0
20882;289;362;11;20;11;1
20887;546;102;12;20;11;0
20889;559;102;12;20;11;0
20896;239;102;13;20;11;0
20918;585;102;12;20;11;0
20919;598;102;12;20;11;0
20941;611;102;12;20;11;0
20957;225;102;13;20;11;0
20966;637;102;12;20;11;0
20982;650;102;12;20;11;0
20986;663;102;12;20;11;0
20992;676;102;12;20;11;0
20995;689;102;12;20;11;0
20998;702;102;12;20;11;0
20999;715;102;12;20;11;0
21015;728;102;12;20;11;0
21021;741;102;12;20;11;0
21028;754;102;12;20;11;0
21029;767;102;12;20;11;0
21033;780;102;12;20;11;0
21040;793;102;12;20;11;0
21046;806;102;12;20;11;0
21048;211;102;13;20;11;0
21050;832;102;12;20;11;0
21051;845;102;12;20;11;0
21063;858;102;12;20;11;0
21066;871;102;12;20;11;0
21069;884;102;12;20;11;0
21091;897;102;12;20;11;0
21092;910;102;12;20;11;0
21104;923;102;12;20;11;0
21106;936;102;12;20;11;0
21109;949;102;12;20;11;0
21127;962;102;12;20;11;0
21147;975;102;12;20;11;0
21151;988;102;12;20;11;0
21152;1001;102;12;20;11;0
21155;1;122;12;20;11;0
21161;14;122;12;20;11;0
21162;169;102;13;20;11;0
21163;40;122;12;20;11;0
21177;53;122;12;20;11;0
21191;66;122;12;20;11;0
21193;79;122;12;20;11;0
21205;92;122;12;20;11;0
21209;105;122;12;20;11;0
21213;141;102;13;20;11;0
21215;127;102;13;20;11;0
21218;99;102;13;20;11;0
21247;157;122;12;20;11;0
21253;170;122;12;20;11;0
21270;183;122;12;20;11;0
21271;196;122;12;20;11;0
21280;209;122;12;20;11;0
21305;222;122;12;20;11;0
21313;235;122;12;20;11;0
21315;248;122;12;20;11;0
21322;261;122;12;20;11;0
21330;274;122;12;20;11;0
21332;287;122;12;20;11;0
21335;300;122;12;20;11;0
21336;313;122;12;20;11;0
21344;349;362;11;20;11;1
21360;339;122;12;20;11;0
21361;85;102;13;20;11;0
21363;365;122;12;20;11;0
21364;378;122;12;20;11;0
21365;391;122;12;20;11;0
21380;404;122;12;20;11;0
21402;417;122;12;20;11;0
21407;430;122;12;20;11;0
21427;443;122;12;20;11;0
21435;456;122;12;20;11;0
21442;71;102;13;20;11;0
21451;57;102;13;20;11;0
21453;43;102;13;20;11;0
21454;508;122;12;20;11;0
21462;521;122;12;20;11;0
21463;29;102;13;20;11;0
21475;313;362;11;20;11;1
21476;560;122;12;20;11;0
21483;15;102;13;20;11;0
21484;586;122;12;20;11;0
21487;599;122;12;20;11;0
21488;1;102;13;20;11;0
21490;625;122;12;20;11;0
21491;638;122;12;20;11;0
21495;651;122;12;20;11;0
21496;664;122;12;20;11;0
21508;677;122;12;20;11;0
21512;690;122;12;20;11;0
21516;703;122;12;20;11;0
21517;716;122;12;20;11;0
21520;729;122;12;20;11;0
21521;742;122;12;20;11;0
21531;755;122;12;20;11;0
21536;768;122;12;20;11;0
21542;995;82;13;20;11;0
21547;981;82;13;20;11;0
21560;967;82;13;20;11;0
21561;953;82;13;20;11;0
21578;833;122;12;20;11;0
21608;846;122;12;20;11;0
21610;859;122;12;20;11;0
21619;939;82;13;20;11;0
21628;885;122;12;20;11;0
21629;898;122;12;20;11;0
21638;911;122;12;20;11;0
21644;924;122;12;20;11;0
21697;937;122;12;20;11;0
21729;950;122;12;20;11;0
21742;963;122;12;20;11;0
21746;976;122;12;20;11;0
21764;989;122;12;20;11;0
21776;1002;122;12;20;11;0
21807;1;142;12;20;11;0
21809;14;142;12;20;11;0
21830;27;142;12;20;11;0
21839;40;142;12;20;11;0
21892;53;142;12;20;11;0
21978;66;142;12;20;11;0
22022;79;142;12;20;11;0
22120;925;82;13;20;11;0
22132;813;82;13;20;11;0
22209;785;82;13;20;11;0
22234;131;142;12;20;11;0
22235;144;142;12;20;11;0
22238;157;142;12;20;11;0
22243;170;142;12;20;11;0
22256;183;142;12;20;11;0
22258;196;142;12;20;11;0
22259;209;142;12;20;11;0
22266;222;142;12;20;11;0
22269;235;142;12;20;11;0
22290;248;142;12;20;11;0
22303;261;142;12;20;11;0
22311;274;142;12;20;11;0
22312;287;142;12;20;11;0
22320;771;82;13;20;11;0
22343;313;142;12;20;11;0
22346;326;142;12;20;11;0
22411;339;142;12;20;11;0
22434;743;82;13;20;11;0
22467;365;142;12;20;11;0
22475;729;82;13;20;11;0
22478;673;82;13;20;11;0
22495;404;142;12;20;11;0
22519;417;142;12;20;11;0
22522;659;82;13;20;11;0
22530;443;142;12;20;11;0
22570;456;142;12;20;11;0
22577;645;82;13;20;11;0
22580;482;142;12;20;11;0
22612;495;142;12;20;11;0
22659;508;142;12;20;11;0
22679;521;142;12;20;11;0
22721;603;82;13;20;11;0
22730;589;82;13;20;11;0
22732;575;82;13;20;11;0
22763;573;142;12;20;11;0
22768;586;142;12;20;11;0
22770;561;82;13;20;11;0
22793;533;82;13;20;11;0
22805;625;142;12;20;11;0
22806;638;142;12;20;11;0
22810;651;142;12;20;11;0
22812;519;82;13;20;11;0
22818;677;142;12;20;11;0
22823;505;82;13;20;11;0
22825;477;82;13;20;11;0
22826;449;82;13;20;11;0
22827;435;82;13;20;11;0
22833;407;82;13;20;11;0
22855;755;142;12;20;11;0
22863;393;82;13;20;11;0
22868;379;82;13;20;11;0
22885;365;82;13;20;11;0
22888;337;82;13;20;11;0
22899;820;142;12;20;11;0
22909;323;82;13;20;11;0
22914;846;142;12;20;11;0
22934;309;82;13;20;11;0
22937;872;142;12;20;11;0
22949;885;142;12;20;11;0
22956;898;142;12;20;11;0
22987;911;142;12;20;11;0
23019;924;142;12;20;11;0
23039;937;142;12;20;11;0
23041;950;142;12;20;11;0
23064;963;142;12;20;11;0
23130;976;142;12;20;11;0
23241;989;142;12;20;11;0
23244;1002;142;12;20;11;0
23265;1;162;12;20;11;0
23330;14;162;12;20;11;0
23376;27;162;12;20;11;0
23383;40;162;12;20;11;0
23384;295;82;13;20;11;0
23389;66;162;12;20;11;0
23395;281;82;13;20;11;0
23396;267;82;13;20;11;0
23398;105;162;12;20;11;0
23432;118;162;12;20;11;0
23433;131;162;12;20;11;0
23436;239;82;13;20;11;0
23448;157;162;12;20;11;0
23450;170;162;12;20;11;0
23453;183;162;12;20;11;0
23455;211;82;13;20;11;0
23458;209;162;12;20;11;0
23459;222;162;12;20;11;0
23460;235;162;12;20;11;0
23470;248;162;12;20;11;0
23475;261;162;12;20;11;0
23478;274;162;12;20;11;0
23481;287;162;12;20;11;0
23487;300;162;12;20;11;0
23490;313;162;12;20;11;0
23492;326;162;12;20;11;0
23494;339;162;12;20;11;0
23506;197;82;13;20;11;0
23515;183;82;13;20;11;0
23517;378;162;12;20;11;0
23519;169;82;13;20;11;0
23529;155;82;13;20;11;0
23534;417;162;12;20;11;0
23550;430;162;12;20;11;0
23553;127;82;13;20;11;0
23554;456;162;12;20;11;0
23556;469;162;12;20;11;0
23562;482;162;12;20;11;0
23566;495;162;12;20;11;0
23567;508;162;12;20;11;0
23569;521;162;12;20;11;0
23601;534;162;12;20;11;0
23611;547;162;12;20;11;0
23613;560;162;12;20;11;0
23614;573;162;12;20;11;0
23616;586;162;12;20;11;0
23621;599;162;12;20;11;0
23624;612;162;12;20;11;0
23626;625;162;12;20;11;0
23627;638;162;12;20;11;0
23637;651;162;12;20;11;0
23646;664;162;12;20;11;0
23665;948;342;11;20;11;1
23769;113;82;13;20;11;0
23798;703;162;12;20;11;0
23815;716;162;12;20;11;0
23849;729;162;12;20;11;0
24029;1008;342;11;20;11;0
24035;99;82;13;20;11;0
24037;768;162;12;20;11;0
24038;781;162;12;20;11;0
24040;1;362;11;20;11;1
24046;807;162;12;20;11;0
24059;71;82;13;20;11;0
24067;833;162;12;20;11;0
24076;846;162;12;20;11;0
24093;57;82;13;20;11;0
24107;43;82;13;20;11;0
24109;885;162;12;20;11;0
24111;898;162;12;20;11;0
24112;911;162;12;20;11;0
24115;29;82;13;20;11;0
24120;937;162;12;20;11;0
24125;15;82;13;20;11;0
24133;1;82;13;20;11;0
24149;1009;62;13;20;11;0
24178;989;162;12;20;11;0
24179;1002;162;12;20;11;0
24180;1;182;12;20;11;0
24184;14;182;12;20;11;0
24187;27;182;12;20;11;0
24190;995;62;13;20;11;0
24195;53;182;12;20;11;0
24202;66;182;12;20;11;0
24207;79;182;12;20;11;0
24213;92;182;12;20;11;0
24215;105;182;12;20;11;0
24230;118;182;12;20;11;0
24231;131;182;12;20;11;0
24235;144;182;12;20;11;0
24237;981;62;13;20;11;0
24247;170;182;12;20;11;0
24259;183;182;12;20;11;0
24310;196;182;12;20;11;0
24311;209;182;12;20;11;0
24314;222;182;12;20;11;0
24335;967;62;13;20;11;0
24341;97;362;11;20;11;0
24351;261;182;12;20;11;0
24358;274;182;12;20;11;0
24369;287;182;12;20;11;0
24373;300;182;12;20;11;0
24375;313;182;12;20;11;0
24382;953;62;13;20;11;0
24403;339;182;12;20;11;0
24418;352;182;12;20;11;0
24427;939;62;13;20;11;0
24433;378;182;12;20;11;0
24441;391;182;12;20;11;0
24444;925;62;13;20;11;0
24453;417;182;12;20;11;0
24459;430;182;12;20;11;0
24460;443;182;12;20;11;0
24466;456;182;12;20;11;0
24467;469;182;12;20;11;0
24471;482;182;12;20;11;0
24481;495;182;12;20;11;0
24489;508;182;12;20;11;0
24494;521;182;12;20;11;0
24499;911;62;13;20;11;0
24515;897;62;13;20;11;0
24517;560;182;12;20;11;0
24524;573;182;12;20;11;0
24525;586;182;12;20;11;0
24535;883;62;13;20;11;0
24536;855;62;13;20;11;0
24537;841;62;13;20;11;0
24540;638;182;12;20;11;0
24544;651;182;12;20;11;0
24555;827;62;13;20;11;0
24565;813;62;13;20;11;0
24594;799;62;13;20;11;0
24598;785;62;13;20;11;0
24605;716;182;12;20;11;0
24608;771;62;13;20;11;0
24613;742;182;12;20;11;0
24615;757;62;13;20;11;0
24618;743;62;13;20;11;0
24651;729;62;13;20;11;0
24656;794;182;12;20;11;0
24677;807;182;12;20;11;0
24681;820;182;12;20;11;0
24687;715;62;13;20;11;0
24693;701;62;13;20;11;0
24724;687;62;13;20;11;0
24735;872;182;12;20;11;0
24746;673;62;13;20;11;0
24754;898;182;12;20;11;0
24773;911;182;12;20;11;0
24785;645;62;13;20;11;0
24816;937;182;12;20;11;0
24819;950;182;12;20;11;0
24841;963;182;12;20;11;0
24847;631;62;13;20;11;0
24858;617;62;13;20;11;0
24859;603;62;13;20;11;0
24863;1;202;12;20;11;0
24904;589;62;13;20;11;0
24907;27;202;12;20;11;0
24931;40;202;12;20;11;0
25014;53;202;12;20;11;0
25022;66;202;12;20;11;0
25104;79;202;12;20;11;0
25105;575;62;13;20;11;0
25126;105;202;12;20;11;0
25151;118;202;12;20;11;0
25152;131;202;12;20;11;0
25161;144;202;12;20;11;0
25163;157;202;12;20;11;0
25165;170;202;12;20;11;0
25171;183;202;12;20;11;0
25173;561;62;13;20;11;0
25201;209;202;12;20;11;0
25215;222;202;12;20;11;0
25216;547;62;13;20;11;0
25233;248;202;12;20;11;0
25237;261;202;12;20;11;0
25239;274;202;12;20;11;0
25240;287;202;12;20;11;0
25244;300;202;12;20;11;0
25246;533;62;13;20;11;0
25265;326;202;12;20;11;0
25269;339;202;12;20;11;0
25276;352;202;12;20;11;0
25285;365;202;12;20;11;0
25293;378;202;12;20;11;0
25296;391;202;12;20;11;0
25298;404;202;12;20;11;0
25307;417;202;12;20;11;0
25309;430;202;12;20;11;0
25312;519;62;13;20;11;0
25313;456;202;12;20;11;0
25335;469;202;12;20;11;0
25342;482;202;12;20;11;0
25345;495;202;12;20;11;0
25351;508;202;12;20;11;0
25361;505;62;13;20;11;0
25387;477;62;13;20;11;0
25391;547;202;12;20;11;0
25429;560;202;12;20;11;0
25448;573;202;12;20;11;0
25480;463;62;13;20;11;0
25490;599;202;12;20;11;0
25496;612;202;12;20;11;0
25499;449;62;13;20;11;0
25505;638;202;12;20;11;0
25506;435;62;13;20;11;0
25509;664;202;12;20;11;0
25512;677;202;12;20;11;0
25522;690;202;12;20;11;0
25551;703;202;12;20;11;0
25552;716;202;12;20;11;0
25563;729;202;12;20;11;0
25569;421;62;13;20;11;0
25588;755;202;12;20;11;0
25594;768;202;12;20;11;0
25613;781;202;12;20;11;0
25658;794;202;12;20;11;0
25666;807;202;12;20;11;0
25731;407;62;13;20;11;0
25774;833;202;12;20;11;0
25805;393;62;13;20;11;0
25903;379;62;13;20;11;0
25913;351;62;13;20;11;0
25915;885;202;12;20;11;0
25918;337;62;13;20;11;0
25925;911;202;12;20;11;0
25935;924;202;12;20;11;0
25937;937;202;12;20;11;0
25943;950;202;12;20;11;0
25945;963;202;12;20;11;0
25955;976;202;12;20;11;0
25964;989;202;12;20;11;0
25968;1002;202;12;20;11;0
25972;323;62;13;20;11;0
25973;14;222;12;20;11;0
25991;309;62;13;20;11;0
25998;281;62;13;20;11;0
26009;53;222;12;20;11;0
26023;66;222;12;20;11;0
26028;79;222;12;20;11;0
26029;92;222;12;20;11;0
26032;105;222;12;20;11;0
26041;118;222;12;20;11;0
26045;1;2;13;20;11;0
26053;253;62;13;20;11;0
26059;239;62;13;20;11;0
26063;170;222;12;20;11;0
26071;183;222;12;20;11;0
26082;196;222;12;20;11;0
26085;431;362;10;20;11;1
26089;222;222;12;20;11;0
26118;225;62;13;20;11;0
26119;248;222;12;20;11;0
26126;261;222;12;20;11;0
26132;274;222;12;20;11;0
26143;287;222;12;20;11;0
26144;197;62;13;20;11;0
26152;313;222;12;20;11;0
26172;326;222;12;20;11;0
26178;339;222;12;20;11;0
26217;169;62;13;20;11;0
26222;365;222;12;20;11;0
26223;378;222;12;20;11;0
26228;391;222;12;20;11;0
26230;404;222;12;20;11;0
26247;417;222;12;20;11;0
26262;141;62;13;20;11;0
26263;443;222;12;20;11;0
26286;113;62;13;20;11;0
26292;99;62;13;20;11;0
26354;397;362;11;20;11;1
26356;85;62;13;20;11;0
26360;508;222;12;20;11;0
26367;521;222;12;20;11;0
26368;57;62;13;20;11;0
26376;385;362;11;20;11;0
26377;560;222;12;20;11;0
26381;573;222;12;20;11;0
26395;586;222;12;20;11;0
26397;599;222;12;20;11;0
26399;612;222;12;20;11;0
26408;29;62;13;20;11;0
26410;1;62;13;20;11;0
26411;995;42;13;20;11;0
26412;981;42;13;20;11;0
26413;967;42;13;20;11;0
26426;690;222;12;20;11;0
26448;953;42;13;20;11;0
26454;939;42;13;20;11;0
26463;925;42;13;20;11;0
26465;911;42;13;20;11;0
26469;897;42;13;20;11;0
26479;768;222;12;20;11;0
26481;883;42;13;20;11;0
26495;794;222;12;20;11;0
26512;807;222;12;20;11;0
26517;820;222;12;20;11;0
26519;833;222;12;20;11;0
26522;846;222;12;20;11;0
26524;869;42;13;20;11;0
26525;872;222;12;20;11;0
26528;885;222;12;20;11;0
26564;898;222;12;20;11;0
26576;855;42;13;20;11;0
26579;841;42;13;20;11;0
26609;937;222;12;20;11;0
26619;827;42;13;20;11;0
26628;813;42;13;20;11;0
26657;799;42;13;20;11;0
26666;989;222;12;20;11;0
26680;1002;222;12;20;11;0
26681;1;242;12;20;11;0
26684;14;242;12;20;11;0
26691;771;42;13;20;11;0
26696;757;42;13;20;11;0
26800;53;242;12;20;11;0
26820;743;42;13;20;11;0
26834;79;242;12;20;11;0
26842;92;242;12;20;11;0
26862;729;42;13;20;11;0
26908;118;242;12;20;11;0
26989;701;42;13;20;11;0
26997;144;242;12;20;11;0
27005;687;42;13;20;11;0
27010;170;242;12;20;11;0
27083;183;242;12;20;11;0
27084;196;242;12;20;11;0
27096;673;42;13;20;11;0
27161;222;242;12;20;11;0
27169;235;242;12;20;11;0
27177;248;242;12;20;11;0
27178;261;242;12;20;11;0
27231;274;242;12;20;11;0
27424;287;242;12;20;11;0
27425;659;42;13;20;11;0
27442;313;242;12;20;11;0
27468;326;242;12;20;11;0
27475;645;42;13;20;11;0
27490;352;242;12;20;11;0
27491;365;242;12;20;11;0
27494;631;42;13;20;11;0
27497;617;42;13;20;11;0
27503;404;242;12;20;11;0
27507;603;42;13;20;11;0
27508;430;242;12;20;11;0
27515;589;42;13;20;11;0
27530;456;242;12;20;11;0
27531;575;42;13;20;11;0
27572;561;42;13;20;11;0
27573;495;242;12;20;11;0
27578;508;242;12;20;11;0
27579;521;242;12;20;11;0
27583;534;242;12;20;11;0
27597;547;242;12;20;11;0
27598;560;242;12;20;11;0
27602;573;242;12;20;11;0
27604;547;42;13;20;11;0
27611;599;242;12;20;11;0
27663;519;42;13;20;11;0
27665;505;42;13;20;11;0
27671;491;42;13;20;11;0
27700;477;42;13;20;11;0
27703;463;42;13;20;11;0
27704;449;42;13;20;11;0
27713;690;242;12;20;11;0
27714;435;42;13;20;11;0
27735;716;242;12;20;11;0
27738;729;242;12;20;11;0
27770;393;42;13;20;11;0
27784;379;42;13;20;11;0
27788;768;242;12;20;11;0
27810;781;242;12;20;11;0
27833;794;242;12;20;11;0
27835;807;242;12;20;11;0
27836;820;242;12;20;11;0
27841;833;242;12;20;11;0
27849;351;42;13;20;11;0
27861;337;42;13;20;11;0
27873;872;242;12;20;11;0
27874;885;242;12;20;11;0
27875;898;242;12;20;11;0
27880;911;242;12;20;11;0
27888;924;242;12;20;11;0
27915;937;242;12;20;11;0
27927;323;42;13;20;11;0
27963;963;242;12;20;11;0
27966;976;242;12;20;11;0
27969;989;242;12;20;11;0
27972;1002;242;12;20;11;0
27973;309;42;13;20;11;0
28014;14;262;12;20;11;0
28020;295;42;13;20;11;0
28023;40;262;12;20;11;0
28040;267;42;13;20;11;0
28057;253;42;13;20;11;0
28082;239;42;13;20;11;0
28107;92;262;12;20;11;0
28129;225;42;13;20;11;0
28145;211;42;13;20;11;0
28149;131;262;12;20;11;0
28151;144;262;12;20;11;0
28155;157;262;12;20;11;0
28165;170;262;12;20;11;0
28167;183;262;12;20;11;0
28168;196;262;12;20;11;0
28187;183;42;13;20;11;0
28193;155;42;13;20;11;0
28201;235;262;12;20;11;0
28204;248;262;12;20;11;0
28271;261;262;12;20;11;0
28288;274;262;12;20;11;0
28304;141;42;13;20;11;0
28310;300;262;12;20;11;0
28342;313;262;12;20;11;0
28357;326;262;12;20;11;0
28381;339;262;12;20;11;0
28404;352;262;12;20;11;0
28418;127;42;13;20;11;0
28436;378;262;12;20;11;0
28500;113;42;13;20;11;0
28526;404;262;12;20;11;0
28528;85;42;13;20;11;0
28608;430;262;12;20;11;0
28611;71;42;13;20;11;0
28641;456;262;12;20;11;0
28734;469;262;12;20;11;0
28779;482;262;12;20;11;0
28783;495;262;12;20;11;0
28784;508;262;12;20;11;0
28797;521;262;12;20;11;0
28809;534;262;12;20;11;0
28814;547;262;12;20;11;0
28845;560;262;12;20;11;0
28857;57;42;13;20;11;0
28872;586;262;12;20;11;0
28937;599;262;12;20;11;0
28961;29;42;13;20;11;0
28982;1;42;13;20;11;0
28988;638;262;12;20;11;0
29017;651;262;12;20;11;0
29031;664;262;12;20;11;0
29087;1009;22;13;20;11;0
29105;995;22;13;20;11;0
29123;703;262;12;20;11;0
29158;716;262;12;20;11;0
29190;981;22;13;20;11;0
29238;742;262;12;20;11;0
29255;755;262;12;20;11;0
29256;768;262;12;20;11;0
29273;781;262;12;20;11;0
29282;794;262;12;20;11;0
29289;807;262;12;20;11;0
29298;820;262;12;20;11;0
29305;833;262;12;20;11;0
29344;967;22;13;20;11;0
29359;859;262;12;20;11;0
29366;872;262;12;20;11;0
29378;885;262;12;20;11;0
29420;898;262;12;20;11;0
29421;911;262;12;20;11;0
29483;924;262;12;20;11;0
29508;937;262;12;20;11;0
29539;950;262;12;20;11;0
29554;963;262;12;20;11;0
29575;976;262;12;20;11;0
29577;989;262;12;20;11;0
29579;1002;262;12;20;11;0
29694;1;282;12;20;11;0
29699;14;282;12;20;11;0
29702;27;282;12;20;11;0
29872;40;282;12;20;11;0
29976;53;282;12;20;11;0
29983;66;282;12;20;11;0
29987;79;282;12;20;11;0
29992;25;362;11;20;11;0
30001;13;362;11;20;11;1
30003;984;342;11;20;11;1
30007;131;282;12;20;11;0
30010;953;22;13;20;11;0
30011;157;282;12;20;11;0
30028;170;282;12;20;11;0
30033;183;282;12;20;11;0
30053;939;22;13;20;11;0
30058;925;22;13;20;11;0
30064;222;282;12;20;11;0
30097;235;282;12;20;11;0
30149;248;282;12;20;11;0
30151;261;282;12;20;11;0
30171;274;282;12;20;11;0
30274;911;22;13;20;11;0
30330;300;282;12;20;11;0
30331;897;22;13;20;11;0
30333;1003;362;10;20;11;1
30334;339;282;12;20;11;0
30340;352;282;12;20;11;0
30342;365;282;12;20;11;0
30382;378;282;12;20;11;0
30410;883;22;13;20;11;0
30423;404;282;12;20;11;0
30427;417;282;12;20;11;0
30436;430;282;12;20;11;0
30446;981;362;10;20;11;1
30452;456;282;12;20;11;0
30456;469;282;12;20;11;0
30475;482;282;12;20;11;0
30495;495;282;12;20;11;0
30496;508;282;12;20;11;0
30524;521;282;12;20;11;0
30528;534;282;12;20;11;0
30636;547;282;12;20;11;0
30643;560;282;12;20;11;0
30693;573;282;12;20;11;0
30701;586;282;12;20;11;0
30707;599;282;12;20;11;0
30722;612;282;12;20;11;0
30740;869;22;13;20;11;0
30741;855;22;13;20;11;0
30772;651;282;12;20;11;0
30828;827;22;13;20;11;0
30906;677;282;12;20;11;0
30952;690;282;12;20;11;0
31034;813;22;13;20;11;0
31036;716;282;12;20;11;0
31038;729;282;12;20;11;0
31048;742;282;12;20;11;0
31062;755;282;12;20;11;0
31070;768;282;12;20;11;0
31085;781;282;12;20;11;0
31105;799;22;13;20;11;0
31109;807;282;12;20;11;0
31119;820;282;12;20;11;0
31168;785;22;13;20;11;0
31169;771;22;13;20;11;0
31185;757;22;13;20;11;0
31186;872;282;12;20;11;0
31192;885;282;12;20;11;0
31209;743;22;13;20;11;0
31216;911;282;12;20;11;0
31227;924;282;12;20;11;0
31243;937;282;12;20;11;0
31246;950;282;12;20;11;0
31278;963;282;12;20;11;0
31292;729;22;13;20;11;0
31309;715;22;13;20;11;0
31311;1002;282;12;20;11;0
31348;1;302;12;20;11;0
31350;701;22;13;20;11;0
31354;27;302;12;20;11;0
31361;687;22;13;20;11;0
31435;53;302;12;20;11;0
31452;673;22;13;20;11;0
31456;79;302;12;20;11;0
31471;92;302;12;20;11;0
31478;105;302;12;20;11;0
31505;659;22;13;20;11;0
31526;131;302;12;20;11;0
31532;144;302;12;20;11;0
31558;157;302;12;20;11;0
31561;170;302;12;20;11;0
31563;183;302;12;20;11;0
31568;196;302;12;20;11;0
31572;209;302;12;20;11;0
31574;645;22;13;20;11;0
31639;235;302;12;20;11;0
31649;248;302;12;20;11;0
31665;261;302;12;20;11;0
31680;274;302;12;20;11;0
31684;287;302;12;20;11;0
31689;631;22;13;20;11;0
31777;313;302;12;20;11;0
31840;326;302;12;20;11;0
31881;617;22;13;20;11;0
31896;352;302;12;20;11;0
31934;365;302;12;20;11;0
31958;603;22;13;20;11;0
31992;391;302;12;20;11;0
31995;404;302;12;20;11;0
32000;417;302;12;20;11;0
32004;430;302;12;20;11;0
32005;443;302;12;20;11;0
32013;456;302;12;20;11;0
32020;469;302;12;20;11;0
32025;482;302;12;20;11;0
32026;589;22;13;20;11;0
32032;508;302;12;20;11;0
32048;521;302;12;20;11;0
32066;534;302;12;20;11;0
32068;547;302;12;20;11;0
32070;560;302;12;20;11;0
32076;573;302;12;20;11;0
32080;586;302;12;20;11;0
32102;599;302;12;20;11;0
32113;575;22;13;20;11;0
32117;625;302;12;20;11;0
32118;638;302;12;20;11;0
32153;651;302;12;20;11;0
32154;561;22;13;20;11;0
32191;677;302;12;20;11;0
32202;690;302;12;20;11;0
32207;703;302;12;20;11;0
32209;716;302;12;20;11;0
32218;729;302;12;20;11;0
32224;742;302;12;20;11;0
32232;755;302;12;20;11;0
32244;547;22;13;20;11;0
32257;519;22;13;20;11;0
32260;794;302;12;20;11;0
32302;505;22;13;20;11;0
32318;491;22;13;20;11;0
32321;833;302;12;20;11;0
32566;846;302;12;20;11;0
32618;859;302;12;20;11;0
32622;872;302;12;20;11;0
32624;885;302;12;20;11;0
32626;898;302;12;20;11;0
32650;911;302;12;20;11;0
32654;477;22;13;20;11;0
32676;937;302;12;20;11;0
32680;463;22;13;20;11;0
32681;449;22;13;20;11;0
32701;976;302;12;20;11;0
32722;989;302;12;20;11;0
32763;1002;302;12;20;11;0
32769;1;322;12;20;11;0
32771;14;322;12;20;11;0
32773;27;322;12;20;11;0
32784;40;322;12;20;11;0
32819;435;22;13;20;11;0
32854;66;322;12;20;11;0
32862;79;322;12;20;11;0
32884;421;22;13;20;11;0
32887;105;322;12;20;11;0
32905;118;322;12;20;11;0
32908;131;322;12;20;11;0
32930;144;322;12;20;11;0
32937;157;322;12;20;11;0
32946;170;322;12;20;11;0
32963;662;362;10;20;11;1
32966;196;322;12;20;11;0
32972;407;22;13;20;11;0
32990;222;322;12;20;11;0
33012;235;322;12;20;11;0
33016;248;322;12;20;11;0
33021;261;322;12;20;11;0
33032;393;22;13;20;11;0
33050;287;322;12;20;11;0
33073;300;322;12;20;11;0
33104;313;322;12;20;11;0
33109;365;22;13;20;11;0
33136;351;22;13;20;11;0
33145;352;322;12;20;11;0
33180;365;322;12;20;11;0
33192;378;322;12;20;11;0
33235;337;22;13;20;11;0
33251;241;362;11;20;11;1
33256;417;322;12;20;11;0
33258;585;362;10;20;11;1
33261;323;22;13;20;11;0
33268;456;322;12;20;11;0
33288;309;22;13;20;11;0
33292;482;322;12;20;11;0
33310;495;322;12;20;11;0
33311;508;322;12;20;11;0
33337;521;322;12;20;11;0
33391;534;322;12;20;11;0
33394;295;22;13;20;11;0
33455;281;22;13;20;11;0
33457;267;22;13;20;11;0
33464;586;322;12;20;11;0
33509;599;322;12;20;11;0
33510;612;322;12;20;11;0
33590;253;22;13;20;11;0
33609;638;322;12;20;11;0
33624;651;322;12;20;11;0
33655;664;322;12;20;11;0
33740;677;322;12;20;11;0
33747;239;22;13;20;11;0
33775;703;322;12;20;11;0
33853;225;22;13;20;11;0
33865;211;22;13;20;11;0
33879;742;322;12;20;11;0
34101;197;22;13;20;11;0
34180;768;322;12;20;11;0
34220;183;22;13;20;11;0
34384;794;322;12;20;11;0
34394;807;322;12;20;11;0
34411;820;322;12;20;11;0
34425;169;22;13;20;11;0
34509;846;322;12;20;11;0
34521;155;22;13;20;11;0
34542;141;22;13;20;11;0
34588;127;22;13;20;11;0
34678;898;322;12;20;11;0
34701;911;322;12;20;11;0
34880;924;322;12;20;11;0
34892;937;322;12;20;11;0
34899;950;322;12;20;11;0
34903;963;322;12;20;11;0
34909;976;322;12;20;11;0
34913;989;322;12;20;11;0
34915;113;22;13;20;11;0
34920;99;22;13;20;11;0
34987;85;22;13;20;11;0
35009;71;22;13;20;11;0
35010;57;22;13;20;11;0
35013;43;22;13;20;11;0
35023;29;22;13;20;11;0
35029;79;342;12;20;11;0
35036;92;342;12;20;11;0
35069;105;342;12;20;11;0
35079;118;342;12;20;11;0
35090;15;22;13;20;11;0
35186;144;342;12;20;11;0
35199;157;342;12;20;11;0
35201;170;342;12;20;11;0
35206;1;22;13;20;11;0
35207;196;342;12;20;11;0
35211;209;342;12;20;11;0
35222;222;342;12;20;11;0
35226;1009;2;13;20;11;0
35239;248;342;12;20;11;0
35242;261;342;12;20;11;0
35251;995;2;13;20;11;0
35282;287;342;12;20;11;0
35299;300;342;12;20;11;0
35302;981;2;13;20;11;0
35328;326;342;12;20;11;0
35336;339;342;12;20;11;0
35342;352;342;12;20;11;0
35347;365;342;12;20;11;0
35352;378;342;12;20;11;0
35370;391;342;12;20;11;0
35373;404;342;12;20;11;0
35377;417;342;12;20;11;0
35379;967;2;13;20;11;0
35388;443;342;12;20;11;0
35413;456;342;12;20;11;0
35422;469;342;12;20;11;0
35430;482;342;12;20;11;0
35433;495;342;12;20;11;0
35440;508;342;12;20;11;0
35441;521;342;12;20;11;0
35463;534;342;12;20;11;0
35465;953;2;13;20;11;0
35469;560;342;12;20;11;0
35475;573;342;12;20;11;0
35477;939;2;13;20;11;0
35480;599;342;12;20;11;0
35486;925;2;13;20;11;0
35488;625;342;12;20;11;0
35492;638;342;12;20;11;0
35500;911;2;13;20;11;0
35501;664;342;12;20;11;0
35504;677;342;12;20;11;0
35519;690;342;12;20;11;0
35527;703;342;12;20;11;0
35531;716;342;12;20;11;0
35613;729;342;12;20;11;0
35672;897;2;13;20;11;0
35676;755;342;12;20;11;0
35686;883;2;13;20;11;0
35696;781;342;12;20;11;0
35703;794;342;12;20;11;0
35937;869;2;13;20;11;0
35946;855;2;13;20;11;0
36000;841;2;13;20;11;0
36001;827;2;13;20;11;0
36008;813;2;13;20;11;0
36009;872;342;12;20;11;0
36012;799;2;13;20;11;0
36015;785;2;13;20;11;0
36020;771;2;13;20;11;0
36023;757;2;13;20;11;0
36024;743;2;13;20;11;0
36027;911;342;12;20;11;0
36039;729;2;13;20;11;0
36062;898;342;12;20;11;0
36066;885;342;12;20;11;0
36074;859;342;12;20;11;0
36077;846;342;12;20;11;0
36104;833;342;12;20;11;0
36196;715;2;13;20;11;0
36208;701;2;13;20;11;0
36212;820;342;12;20;11;0
36215;807;342;12;20;11;0
36229;768;342;12;20;11;0
36234;742;342;12;20;11;0
36259;687;2;13;20;11;0
36275;651;342;12;20;11;0
36321;673;2;13;20;11;0
36335;659;2;13;20;11;0
36339;645;2;13;20;11;0
36362;612;342;12;20;11;0
36367;586;342;12;20;11;0
36523;547;342;12;20;11;0
36554;430;342;12;20;11;0
36557;313;342;12;20;11;0
36562;274;342;12;20;11;0
36578;235;342;12;20;11;0
36605;183;342;12;20;11;0
36637;631;2;13;20;11;0
36649;131;342;12;20;11;0
36650;617;2;13;20;11;0
36763;66;342;12;20;11;0
36785;603;2;13;20;11;0
36794;53;342;12;20;11;0
36796;40;342;12;20;11;0
36814;27;342;12;20;11;0
36817;589;2;13;20;11;0
36820;14;342;12;20;11;0
36855;575;2;13;20;11;0
36861;1;342;12;20;11;0
36864;1002;322;12;20;11;0
36865;561;2;13;20;11;0
36867;885;322;12;20;11;0
36870;872;322;12;20;11;0
36879;859;322;12;20;11;0
36884;833;322;12;20;11;0
36889;781;322;12;20;11;0
36890;755;322;12;20;11;0
36895;729;322;12;20;11;0
36896;716;322;12;20;11;0
36899;690;322;12;20;11;0
36914;625;322;12;20;11;0
36920;573;322;12;20;11;0
36930;560;322;12;20;11;0
36933;547;322;12;20;11;0
36938;469;322;12;20;11;0
36939;443;322;12;20;11;0
36942;547;2;13;20;11;0
36947;430;322;12;20;11;0
36948;404;322;12;20;11;0
36949;391;322;12;20;11;0
36960;339;322;12;20;11;0
36969;326;322;12;20;11;0
36974;274;322;12;20;11;0
36984;209;322;12;20;11;0
36986;183;322;12;20;11;0
37034;92;322;12;20;11;0
37048;950;302;12;20;11;0
37070;820;302;12;20;11;0
37096;807;302;12;20;11;0
37117;533;2;13;20;11;0
37197;768;302;12;20;11;0
37204;664;302;12;20;11;0
37237;612;302;12;20;11;0
37239;495;302;12;20;11;0
37240;378;302;12;20;11;0
37266;339;302;12;20;11;0
37276;300;302;12;20;11;0
37320;222;302;12;20;11;0
37324;118;302;12;20;11;0
37325;66;302;12;20;11;0
37326;519;2;13;20;11;0
37327;40;302;12;20;11;0
37329;505;2;13;20;11;0
37341;491;2;13;20;11;0
37347;989;282;12;20;11;0
37444;976;282;12;20;11;0
37467;898;282;12;20;11;0
37504;859;282;12;20;11;0
37507;477;2;13;20;11;0
37549;463;2;13;20;11;0
37628;846;282;12;20;11;0
37676;794;282;12;20;11;0
37682;638;282;12;20;11;0
37723;443;282;12;20;11;0
37749;391;282;12;20;11;0
37857;326;282;12;20;11;0
37912;313;282;12;20;11;0
37969;287;282;12;20;11;0
38263;449;2;13;20;11;0
38281;196;282;12;20;11;0
38283;118;282;12;20;11;0
38289;105;282;12;20;11;0
38291;92;282;12;20;11;0
38306;846;262;12;20;11;0
38343;690;262;12;20;11;0
38360;677;262;12;20;11;0
38450;391;262;12;20;11;0
38459;287;262;12;20;11;0
38477;435;2;13;20;11;0
38480;421;2;13;20;11;0
38491;407;2;13;20;11;0
38498;393;2;13;20;11;0
38500;379;2;13;20;11;0
38512;365;2;13;20;11;0
38522;351;2;13;20;11;0
38525;118;262;12;20;11;0
38538;337;2;13;20;11;0
38542;323;2;13;20;11;0
38548;66;262;12;20;11;0
38555;309;2;13;20;11;0
38556;950;242;12;20;11;0
38560;859;242;12;20;11;0
38587;651;242;12;20;11;0
38596;638;242;12;20;11;0
38597;625;242;12;20;11;0
38598;295;2;13;20;11;0
38609;612;242;12;20;11;0
38626;469;242;12;20;11;0
38627;443;242;12;20;11;0
38632;391;242;12;20;11;0
38634;339;242;12;20;11;0
38640;281;2;13;20;11;0
38642;209;242;12;20;11;0
38647;157;242;12;20;11;0
38651;66;242;12;20;11;0
38663;267;2;13;20;11;0
38666;950;222;12;20;11;0
38695;924;222;12;20;11;0
38738;911;222;12;20;11;0
38745;781;222;12;20;11;0
38750;742;222;12;20;11;0
38754;729;222;12;20;11;0
38899;716;222;12;20;11;0
38911;677;222;12;20;11;0
38913;253;2;13;20;11;0
38914;239;2;13;20;11;0
38915;651;222;12;20;11;0
38917;225;2;13;20;11;0
38918;547;222;12;20;11;0
38928;495;222;12;20;11;0
38929;482;222;12;20;11;0
38936;235;222;12;20;11;0
38957;209;222;12;20;11;0
38972;211;2;13;20;11;0
38988;197;2;13;20;11;0
38989;183;2;13;20;11;0
38996;169;2;13;20;11;0
38997;155;2;13;20;11;0
39000;141;2;13;20;11;0
39006;127;2;13;20;11;0
39015;157;222;12;20;11;0
39080;131;222;12;20;11;0
39131;27;222;12;20;11;0
39135;1;222;12;20;11;0
39154;859;202;12;20;11;0
39164;846;202;12;20;11;0
39165;586;202;12;20;11;0
39166;443;202;12;20;11;0
39178;113;2;13;20;11;0
39208;196;202;12;20;11;0
39318;14;202;12;20;11;0
39321;99;2;13;20;11;0
39340;846;182;12;20;11;0
39364;85;2;13;20;11;0
39366;755;182;12;20;11;0
39378;703;182;12;20;11;0
39438;677;182;12;20;11;0
39442;664;182;12;20;11;0
39443;625;182;12;20;11;0
39514;612;182;12;20;11;0
39592;599;182;12;20;11;0
39640;547;182;12;20;11;0
39658;534;182;12;20;11;0
39661;404;182;12;20;11;0
39740;248;182;12;20;11;0
39746;235;182;12;20;11;0
39764;157;182;12;20;11;0
39854;71;2;13;20;11;0
40165;976;162;12;20;11;0
40180;963;162;12;20;11;0
40199;950;162;12;20;11;0
40644;57;2;13;20;11;0
40658;43;2;13;20;11;0
40665;29;2;13;20;11;0
40723;924;162;12;20;11;0
40736;794;162;12;20;11;0
40763;742;162;12;20;11;0
65281;623;402;4;20;11;4
65284;924;382;8;20;11;2
65285;996;342;11;20;11;1
65286;871;362;10;20;11;1
65288;551;402;5;20;11;7
65289;557;402;5;20;11;0
65290;12;382;9;20;11;2
65291;937;362;10;20;11;1
65295;677;162;12;20;11;0
65296;996;382;8;20;11;2
65297;569;402;5;20;11;3
65298;1014;382;8;20;11;2
65299;1;402;8;20;11;2
65300;72;382;9;20;11;1
65301;19;402;8;20;11;2
65302;28;402;8;20;11;2
65303;37;402;8;20;11;2
65304;46;402;8;20;11;2
65305;1014;362;9;20;11;2
65306;618;402;4;20;11;4
65309;1;382;10;20;11;1
65311;81;402;7;20;11;3
65313;959;362;10;20;11;1
65314;97;402;7;20;11;3
65315;22;382;9;20;11;1
65316;893;362;10;20;11;1
65317;121;402;7;20;11;3
65318;129;402;7;20;11;3
65319;860;362;10;20;11;1
65320;838;362;10;20;11;1
65321;613;402;4;20;11;4
65322;376;402;6;20;11;2
65323;52;382;9;20;11;2
65324;177;402;7;20;11;3
65325;547;122;12;20;11;0
65326;464;362;10;20;11;1
65327;326;122;12;20;11;0
65328;209;402;7;20;11;3
65329;533;102;12;20;11;0
65330;195;382;8;20;11;3
65331;150;382;8;20;11;2
65332;654;382;8;20;11;2
65333;827;362;10;20;11;1
65334;816;362;10;20;11;1
65335;15;2;13;20;11;0
65336;805;362;10;20;11;1
65337;794;362;10;20;11;1
65338;62;382;9;20;11;2
65344;608;402;4;20;11;4
65345;289;402;7;20;11;2
65346;177;382;8;20;11;2
65347;249;402;7;20;11;2
65348;231;382;8;20;11;2
65349;240;382;8;20;11;2
65350;341;402;6;20;11;3
65351;294;382;8;20;11;2
65352;193;402;7;20;11;3
65353;603;402;4;20;11;4
65354;443;402;5;20;11;3
65355;161;402;7;20;11;3
65356;598;402;4;20;11;4
65357;530;362;10;20;11;1
65358;305;402;7;20;11;3
65359;348;382;8;20;11;2
65360;456;382;8;20;11;2
65361;474;382;8;20;11;2
65362;425;402;5;20;11;4
65363;404;402;6;20;11;3
65364;390;402;6;20;11;3
65365;169;402;7;20;11;3
65366;483;382;8;20;11;2
65367;420;362;10;20;11;1
65368;501;382;8;20;11;2
65369;573;382;8;20;11;2
65370;281;402;7;20;11;3
65374;494;102;12;20;11;0
65381;593;402;4;20;7;2
65383;609;382;8;20;7;0
65384;233;402;7;20;7;0
65388;217;402;7;20;7;0
65390;348;402;6;20;7;1
65391;355;402;6;20;7;1
65392;618;382;8;20;7;0
65393;627;382;8;20;7;0
65398;690;382;8;20;7;0
65399;717;382;8;20;7;0
65400;735;382;8;20;7;0
65402;744;382;8;20;7;0
65404;798;382;8;20;7;0
65405;816;382;8;20;7;0
65406;843;382;8;20;7;0
65407;852;382;8;20;7;0
65408;906;382;8;20;7;0
65409;447;382;8;20;7;0
65411;600;382;8;20;7;0
65412;89;402;7;20;7;1
65413;312;382;8;20;7;0
65417;528;382;8;20;7;0
65418;681;382;8;20;7;0
65419;73;402;7;20;7;1
65420;915;382;8;20;7;0
65421;375;382;8;20;7;0
65423;402;382;8;20;7;0
65424;249;382;8;20;7;0
65426;276;382;8;20;7;0
65430;303;382;8;20;7;0
65431;330;382;8;20;7;0
65432;313;402;6;20;7;1
65433;645;382;8;20;7;0
65435;510;382;8;20;7;0
65436;159;382;8;20;7;0
65437;10;402;8;20;7;0
65438;485;402;5;20;7;0
65439;521;402;5;20;7;0
