"HappyRuikaKyohkan-07.ttf";30;False;False;0;1;1;1
32;1407;563;1;33;10;0
33;503;563;8;33;12;3
34;120;563;13;33;17;2
35;877;497;24;33;27;2
36;691;530;19;33;22;2
37;1420;431;27;33;29;2
38;547;497;25;33;26;2
39;2039;530;8;33;11;2
40;148;563;13;33;15;3
41;1964;530;14;33;15;0
42;273;563;12;33;15;2
43;511;530;19;33;22;2
44;396;563;10;33;11;0
45;1826;530;15;33;18;2
46;512;563;7;33;11;3
47;431;530;19;33;20;1
48;1921;497;21;33;23;1
49;1024;530;18;33;23;3
50;305;530;20;33;23;2
51;1789;497;21;33;23;1
52;1339;497;22;33;23;1
53;1767;497;21;33;23;1
54;284;530;20;33;23;2
55;221;530;20;33;23;2
56;1316;497;22;33;23;1
57;1811;497;21;33;23;1
58;528;563;7;33;12;3
59;407;563;10;33;13;1
60;1286;530;17;33;20;2
61;791;530;19;33;22;2
62;1304;530;17;33;20;2
63;389;530;20;33;22;1
64;1560;431;27;33;29;2
65;495;497;25;33;24;0
66;1477;497;22;33;24;2
67;1172;497;23;33;24;1
68;1965;497;21;33;24;2
69;531;530;19;33;22;2
70;571;530;19;33;21;2
71;1124;497;23;33;25;1
72;1877;497;21;33;25;2
73;1949;530;14;33;16;1
74;410;530;20;33;22;1
75;1268;497;23;33;24;2
76;811;530;19;33;20;2
77;1672;431;27;33;29;2
78;1500;497;22;33;25;2
79;777;497;24;33;25;1
80;1833;497;21;33;23;2
81;952;497;24;33;26;2
82;1196;497;23;33;24;2
83;1943;497;21;33;22;1
84;1408;497;22;33;21;0
85;1855;497;21;33;25;2
86;53;497;25;33;24;0
87;1241;233;30;33;30;0
88;727;497;24;33;23;0
89;977;497;24;33;23;0
90;199;530;21;33;22;1
91;286;563;12;33;15;3
92;1385;497;22;33;23;1
93;325;563;11;33;15;1
94;1340;530;17;33;19;1
95;246;563;13;33;12;0
96;361;563;11;33;12;1
97;891;530;18;33;20;1
98;910;530;18;33;20;2
99;1176;530;18;33;19;1
100;929;530;18;33;20;1
101;671;530;19;33;20;1
102;1698;530;15;33;14;0
103;948;530;18;33;20;1
104;967;530;18;33;20;2
105;440;563;10;33;11;0
106;337;563;11;33;12;0
107;551;530;19;33;20;2
108;451;563;10;33;11;2
109;1027;497;24;33;27;2
110;986;530;18;33;20;2
111;471;530;19;33;20;1
112;1005;530;18;33;20;2
113;1043;530;18;33;20;1
114;1889;530;14;33;15;2
115;1138;530;18;33;19;1
116;1842;530;15;33;15;0
117;1157;530;18;33;20;2
118;347;530;20;33;19;0
119;1914;464;26;33;25;0
120;2009;497;21;33;20;0
121;1987;497;21;33;20;0
122;1322;530;17;33;18;1
123;1919;530;14;33;15;1
124;536;563;6;33;11;3
125;2024;530;14;33;15;1
126;368;530;20;33;21;1
160;0;1;1;33;0;0
180;106;563;13;33;30;9
183;0;1;1;33;0;0
215;1148;497;23;33;30;4
969;1065;464;27;33;30;2
8213;1801;299;29;33;30;1
8217;473;563;9;33;30;1
8220;1630;530;16;33;30;15
8221;1545;530;16;33;30;0
8230;391;332;29;33;30;1
8592;421;332;29;33;30;1
8593;631;530;19;33;30;6
8594;175;431;28;33;30;2
8595;451;530;19;33;30;6
8704;757;464;27;33;30;2
9651;481;332;29;33;30;1
9733;1537;35;31;33;30;0
9834;1899;497;21;33;30;5
9839;1100;497;23;33;30;4
12288;1361;563;1;33;30;0
12289;260;563;12;33;30;1
12290;312;563;12;33;30;1
12293;1752;464;26;33;30;2
12300;2009;530;14;33;30;16
12301;1;563;14;33;30;1
12302;16;563;14;33;30;16
12303;218;563;13;33;30;1
12353;1;497;25;33;30;3
12354;1980;431;27;33;30;2
12355;802;497;24;33;30;4
12356;1868;431;27;33;30;2
12357;235;497;25;33;30;3
12358;1700;431;27;33;30;2
12359;1504;431;27;33;30;2
12360;691;332;29;33;30;1
12361;1833;464;26;33;30;3
12362;204;431;28;33;30;2
12363;721;332;29;33;30;2
12364;1861;167;30;33;30;1
12365;1482;464;26;33;30;3
12366;901;332;29;33;30;2
12367;702;497;24;33;30;3
12368;1588;431;27;33;30;3
12369;1644;431;27;33;30;3
12370;931;332;29;33;30;2
12371;417;497;25;33;30;3
12372;991;332;29;33;30;2
12373;1509;464;26;33;30;3
12374;262;431;28;33;30;3
12375;1536;464;26;33;30;4
12376;1590;464;26;33;30;4
12377;291;431;28;33;30;2
12378;1081;332;29;33;30;2
12379;1171;332;29;33;30;1
12380;1148;167;30;33;30;1
12381;320;431;28;33;30;1
12382;1291;332;29;33;30;2
12383;57;464;27;33;30;2
12384;169;464;27;33;30;2
12385;197;464;27;33;30;2
12386;1351;332;29;33;30;2
12387;2019;464;25;33;30;3
12388;337;464;27;33;30;2
12389;407;431;28;33;30;2
12390;449;464;27;33;30;2
12391;436;431;28;33;30;2
12392;1993;464;25;33;30;3
12393;589;464;27;33;30;3
12394;1501;332;29;33;30;1
12395;1779;464;26;33;30;3
12396;1561;332;29;33;30;1
12397;1711;332;29;33;30;1
12398;785;464;27;33;30;2
12399;610;431;28;33;30;2
12400;1861;332;29;33;30;2
12401;1891;332;29;33;30;2
12402;639;431;28;33;30;2
12403;697;431;28;33;30;2
12404;726;431;28;33;30;2
12405;1981;332;29;33;30;1
12406;32;167;30;33;30;1
12407;1954;134;30;33;30;1
12408;2011;332;29;33;30;1
12409;31;365;29;33;30;1
12410;91;365;29;33;30;1
12411;784;431;28;33;30;2
12412;211;365;29;33;30;2
12413;241;365;29;33;30;2
12414;871;431;28;33;30;2
12415;361;365;29;33;30;1
12416;958;431;28;33;30;2
12417;481;365;29;33;30;1
12418;1009;464;27;33;30;2
12419;981;464;27;33;30;2
12420;571;365;29;33;30;1
12421;752;497;24;33;30;4
12422;987;431;28;33;30;2
12423;1563;464;26;33;30;3
12424;601;365;29;33;30;1
12425;1617;464;26;33;30;3
12426;209;497;25;33;30;3
12427;1698;464;26;33;30;3
12428;901;365;29;33;30;1
12429;1860;464;26;33;30;3
12430;561;464;27;33;30;2
12431;1051;365;29;33;30;1
12432;1081;365;29;33;30;1
12433;1141;365;29;33;30;1
12434;1381;365;29;33;30;1
12435;1621;365;29;33;30;1
12443;349;563;11;33;30;0
12444;483;563;9;33;30;0
12449;651;497;25;33;30;3
12450;85;464;27;33;30;2
12451;1806;464;26;33;30;2
12452;1045;431;28;33;30;1
12453;131;497;25;33;30;3
12454;2008;431;27;33;30;2
12455;157;497;25;33;30;3
12456;1952;431;27;33;30;2
12457;183;497;25;33;30;3
12458;1896;431;27;33;30;2
12459;1671;464;26;33;30;2
12460;1074;431;28;33;30;2
12461;1103;431;28;33;30;2
12462;1132;431;28;33;30;2
12463;1161;431;28;33;30;1
12464;342;134;30;33;30;1
12465;2011;365;29;33;30;1
12466;1;398;29;33;30;1
12467;469;497;25;33;30;3
12468;1190;431;28;33;30;3
12469;31;398;29;33;30;1
12470;218;134;30;33;30;1
12471;1219;431;28;33;30;2
12472;1248;431;28;33;30;2
12473;151;398;29;33;30;1
12474;187;134;30;33;30;1
12475;1306;431;28;33;30;1
12476;211;398;29;33;30;1
12477;1335;431;28;33;30;2
12478;241;398;29;33;30;2
12479;1277;431;28;33;30;1
12480;63;134;30;33;30;1
12481;271;398;29;33;30;1
12482;1;134;30;33;30;1
12483;1532;431;27;33;30;2
12484;361;398;29;33;30;1
12485;391;398;29;33;30;1
12486;1784;431;27;33;30;2
12487;2017;2;30;33;30;1
12488;852;497;24;33;30;5
12489;902;497;24;33;30;5
12490;691;398;29;33;30;1
12491;897;464;27;33;30;2
12492;1121;464;27;33;30;2
12493;751;398;29;33;30;1
12494;1292;497;23;33;30;3
12495;901;398;29;33;30;1
12496;1979;101;30;33;30;1
12497;2010;101;30;33;30;1
12498;1455;464;26;33;30;3
12499;813;431;28;33;30;3
12500;1289;464;27;33;30;3
12501;1345;464;27;33;30;2
12502;1021;398;29;33;30;2
12503;156;134;30;33;30;1
12504;1111;398;29;33;30;1
12505;1171;398;29;33;30;1
12506;249;134;30;33;30;1
12507;1201;398;29;33;30;1
12508;1231;398;29;33;30;1
12509;1321;398;29;33;30;1
12510;533;464;27;33;30;2
12511;1967;464;25;33;30;3
12512;349;431;28;33;30;2
12513;1;464;27;33;30;2
12514;1728;431;27;33;30;2
12515;625;497;25;33;30;3
12516;1531;398;29;33;30;1
12517;573;497;25;33;30;3
12518;1177;464;27;33;30;2
12519;1220;497;23;33;30;4
12520;1887;464;26;33;30;3
12521;309;464;27;33;30;2
12522;1002;497;24;33;30;4
12523;1741;398;29;33;30;1
12524;1428;464;26;33;30;4
12525;1616;431;27;33;30;2
12526;105;497;25;33;30;3
12527;1205;464;27;33;30;2
12528;813;464;27;33;30;2
12529;1840;431;27;33;30;2
12530;701;464;27;33;30;2
12531;552;431;28;33;30;2
12532;1291;398;29;33;30;2
12533;827;497;24;33;30;3
12534;1644;464;26;33;30;2
12535;0;1;1;33;0;0
12539;493;563;9;33;30;11
12540;1093;464;27;33;30;2
19968;1081;398;29;33;30;1
19975;1051;398;29;33;30;1
19976;1345;563;1;33;30;0
19977;991;398;29;33;30;1
19978;961;398;29;33;30;1
19979;931;398;29;33;30;1
19981;1857;68;31;33;30;0
19982;1343;563;1;33;30;0
19990;1489;134;30;33;30;1
20001;811;398;29;33;30;1
20006;781;398;29;33;30;1
20013;929;431;28;33;30;2
20024;1613;134;30;33;30;1
20027;721;398;29;33;30;1
20055;1675;134;30;33;30;0
20081;1665;68;31;33;30;0
20083;1737;134;30;33;30;0
20096;1341;563;1;33;30;0
20102;1337;563;1;33;30;0
20104;571;398;29;33;30;1
20105;1861;134;30;33;30;0
20107;1892;134;30;33;30;1
20108;541;398;29;33;30;1
20114;1335;563;1;33;30;0
20116;481;398;29;33;30;1
20117;1333;563;1;33;30;0
20132;1;167;30;33;30;1
20154;1569;68;31;33;30;0
20161;63;167;30;33;30;0
20170;1537;68;31;33;30;0
20181;125;167;30;33;30;0
20182;156;167;30;33;30;0
20184;187;167;30;33;30;0
20195;1505;68;31;33;30;0
20196;1441;68;31;33;30;0
20197;280;167;30;33;30;1
20206;311;167;30;33;30;0
20208;1331;563;1;33;30;0
20210;373;167;30;33;30;0
20214;404;167;30;33;30;0
20219;435;167;30;33;30;0
20241;1313;68;31;33;30;0
20250;1153;68;31;33;30;0
20253;528;167;30;33;30;0
20280;1329;563;1;33;30;0
20284;1121;68;31;33;30;0
20301;621;167;30;33;30;0
20302;1089;68;31;33;30;0
20303;683;167;30;33;30;0
20307;961;68;31;33;30;0
20309;745;167;30;33;30;0
20313;897;68;31;33;30;0
20316;807;167;30;33;30;0
20351;833;68;31;33;30;0
20363;869;167;30;33;30;-1
20381;1327;563;1;33;30;0
20385;931;167;30;33;30;0
20405;1325;563;1;33;30;0
20418;769;68;31;33;30;0
20419;1323;563;1;33;30;0
20439;1321;563;1;33;30;0
20445;1086;167;30;33;30;0
20449;1117;167;30;33;30;0
20462;737;68;31;33;30;0
20489;641;68;31;33;30;0
20491;1210;167;30;33;30;0
20493;1241;167;30;33;30;0
20498;1319;563;1;33;30;0
20505;1303;167;30;33;30;0
20511;1334;167;30;33;30;0
20516;1365;167;30;33;30;0
20553;1317;563;1;33;30;0
20572;1427;167;30;33;30;0
20581;545;68;31;33;30;-1
20596;1489;167;30;33;30;-1
20598;1315;563;1;33;30;0
20605;1313;563;1;33;30;0
20625;1311;563;1;33;30;0
20633;1613;167;30;33;30;0
20663;1644;167;30;33;30;0
20670;1309;563;1;33;30;0
20685;1706;167;30;33;30;0
20687;257;68;31;33;30;0
20693;1305;563;1;33;30;0
20711;1299;563;1;33;30;0
20736;1297;563;1;33;30;0
20740;225;68;31;33;30;0
20778;193;68;31;33;30;0
20803;1771;365;29;33;30;1
20804;1954;167;30;33;30;0
20805;1295;563;1;33;30;0
20806;129;68;31;33;30;0
20808;1711;365;29;33;30;1
20809;1681;365;29;33;30;1
20813;1293;563;1;33;30;0
20814;1291;563;1;33;30;0
20826;1561;365;29;33;30;1
20837;97;68;31;33;30;0
20840;33;68;31;33;30;0
20844;1;68;31;33;30;0
20849;1531;365;29;33;30;1
20853;1501;365;29;33;30;1
20855;1471;365;29;33;30;1
20856;1441;365;29;33;30;1
20869;365;464;27;33;30;2
20870;393;464;27;33;30;2
20874;1231;365;29;33;30;1
20877;1201;365;29;33;30;1
20882;1289;563;1;33;30;0
20887;1287;563;1;33;30;0
20889;1111;365;29;33;30;1
20896;1285;563;1;33;30;0
20918;1281;563;1;33;30;0
20919;1953;35;31;33;30;0
20941;1279;563;1;33;30;0
20957;1277;563;1;33;30;0
20966;745;200;30;33;30;0
20982;1275;563;1;33;30;0
20986;645;464;27;33;30;2
20992;673;464;27;33;30;1
20995;1273;563;1;33;30;0
20998;1601;35;31;33;30;0
20999;931;200;30;33;30;0
21015;721;365;29;33;30;0
21021;993;200;30;33;30;0
21028;691;365;29;33;30;1
21029;661;365;29;33;30;0
21033;1016;431;28;33;30;1
21040;1271;563;1;33;30;0
21046;1148;200;30;33;30;0
21048;1441;35;31;33;30;0
21050;1269;563;1;33;30;0
21051;541;365;29;33;30;1
21063;511;365;29;33;30;0
21066;1267;563;1;33;30;0
21069;451;365;29;33;30;1
21091;1265;563;1;33;30;0
21092;1263;563;1;33;30;0
21104;1261;563;1;33;30;0
21106;900;431;28;33;30;1
21109;1489;200;30;33;30;0
21127;301;365;29;33;30;0
21147;842;431;28;33;30;1
21151;151;365;29;33;30;1
21152;121;365;29;33;30;0
21155;1259;563;1;33;30;0
21161;1675;200;30;33;30;0
21162;1706;200;30;33;30;1
21163;1257;563;1;33;30;0
21177;1;365;29;33;30;0
21191;755;431;28;33;30;1
21193;1830;200;30;33;30;0
21205;1921;332;29;33;30;1
21209;737;35;31;33;30;0
21213;705;35;31;33;30;0
21215;1255;563;1;33;30;0
21218;609;35;31;33;30;0
21247;1253;563;1;33;30;0
21253;1;233;30;33;30;0
21270;32;233;30;33;30;0
21271;1801;332;29;33;30;1
21280;581;431;28;33;30;2
21305;1251;563;1;33;30;0
21313;1681;332;29;33;30;1
21315;1651;332;29;33;30;1
21322;1621;332;29;33;30;1
21330;1591;332;29;33;30;1
21332;280;233;30;33;30;0
21335;1531;332;29;33;30;1
21336;1441;332;29;33;30;1
21344;1249;563;1;33;30;0
21360;378;431;28;33;30;2
21361;435;233;30;33;30;0
21363;1245;563;1;33;30;0
21364;1243;563;1;33;30;0
21365;1141;332;29;33;30;0
21380;1241;563;1;33;30;0
21402;590;233;30;33;30;0
21407;621;233;30;33;30;0
21427;652;233;30;33;30;0
21435;1021;332;29;33;30;1
21442;33;35;31;33;30;0
21451;745;233;30;33;30;1
21453;776;233;30;33;30;0
21454;807;233;30;33;30;1
21462;1;35;31;33;30;0
21463;869;233;30;33;30;1
21475;391;497;25;33;30;3
21476;961;332;29;33;30;1
21483;1239;563;1;33;30;0
21484;1237;563;1;33;30;0
21487;871;332;29;33;30;1
21488;1055;233;30;33;30;1
21490;841;332;29;33;30;1
21491;811;332;29;33;30;1
21495;751;332;29;33;30;1
21496;1448;431;27;33;30;2
21508;1793;2;31;33;30;0
21512;1761;2;31;33;30;0
21516;729;464;27;33;30;2
21517;511;332;29;33;30;0
21520;1235;563;1;33;30;0
21521;869;464;27;33;30;2
21531;1396;233;30;33;30;0
21536;1233;563;1;33;30;0
21542;1697;2;31;33;30;0
21547;1231;563;1;33;30;0
21560;1520;233;30;33;30;1
21561;1229;563;1;33;30;0
21578;241;332;29;33;30;1
21608;211;332;29;33;30;0
21610;1227;563;1;33;30;0
21619;1675;233;30;33;30;1
21628;117;431;28;33;30;2
21629;1537;2;31;33;30;0
21638;1223;563;1;33;30;0
21644;1861;299;29;33;30;1
21697;1831;299;29;33;30;1
21729;1505;2;31;33;30;0
21742;1221;563;1;33;30;0
21746;1219;563;1;33;30;0
21764;1217;563;1;33;30;0
21776;1215;563;1;33;30;0
21807;1213;563;1;33;30;0
21809;1531;299;29;33;30;1
21830;1501;299;29;33;30;1
21839;925;464;27;33;30;2
21892;1411;299;29;33;30;1
21978;1211;563;1;33;30;0
22022;1209;563;1;33;30;0
22120;1377;2;31;33;30;0
22132;1207;563;1;33;30;0
22209;1205;563;1;33;30;0
22234;1203;563;1;33;30;0
22235;505;464;27;33;30;2
22238;477;464;27;33;30;2
22243;421;464;27;33;30;2
22256;281;464;27;33;30;2
22258;225;464;27;33;30;2
22259;141;464;27;33;30;2
22266;113;464;27;33;30;2
22269;29;464;27;33;30;2
22290;1756;431;27;33;30;2
22303;721;299;29;33;30;1
22311;621;266;30;33;30;0
22312;661;299;29;33;30;1
22320;683;266;30;33;30;1
22343;541;299;29;33;30;1
22346;1201;563;1;33;30;0
22411;481;299;29;33;30;1
22434;1199;563;1;33;30;0
22467;1193;563;1;33;30;0
22475;1191;563;1;33;30;0
22478;900;266;30;33;30;0
22495;865;2;31;33;30;0
22519;1189;563;1;33;30;0
22522;705;2;31;33;30;0
22530;271;299;29;33;30;1
22570;1187;563;1;33;30;0
22577;1086;266;30;33;30;1
22580;1117;266;30;33;30;0
22612;1185;563;1;33;30;0
22659;1179;266;30;33;30;0
22679;1210;266;30;33;30;0
22721;1177;563;1;33;30;0
22730;1175;563;1;33;30;0
22732;1171;563;1;33;30;0
22763;151;299;29;33;30;1
22768;1365;266;30;33;30;0
22770;121;299;29;33;30;1
22793;321;2;31;33;30;0
22805;1831;398;28;33;30;1
22806;257;2;31;33;30;0
22810;1520;266;30;33;30;0
22812;161;2;31;33;30;0
22818;61;299;29;33;30;1
22823;1613;266;30;33;30;1
22825;1644;266;30;33;30;1
22826;1675;266;30;33;30;1
22827;1706;266;30;33;30;0
22833;31;299;29;33;30;1
22855;1169;563;1;33;30;0
22863;97;2;31;33;30;0
22868;1155;563;1;33;30;0
22885;1153;563;1;33;30;0
22888;1149;563;1;33;30;0
22899;1923;266;29;33;30;1
22909;257;101;31;33;30;0
22914;1137;563;1;33;30;0
22934;1133;563;1;33;30;0
22937;1131;563;1;33;30;0
22949;1129;563;1;33;30;0
22956;1123;563;1;33;30;0
22987;289;2;31;33;30;0
23019;1121;563;1;33;30;0
23039;1334;266;30;33;30;1
23041;1119;563;1;33;30;0
23064;1117;563;1;33;30;0
23130;1115;563;1;33;30;0
23241;1111;563;1;33;30;0
23244;1109;563;1;33;30;0
23265;1105;563;1;33;30;0
23330;1103;563;1;33;30;0
23376;391;299;29;33;30;1
23383;421;299;29;33;30;1
23384;807;266;30;33;30;0
23389;776;266;30;33;30;0
23395;745;266;30;33;30;1
23396;1101;563;1;33;30;0
23398;571;299;29;33;30;1
23432;601;299;29;33;30;1
23433;631;299;29;33;30;1
23436;652;266;30;33;30;0
23448;691;299;29;33;30;1
23450;590;266;30;33;30;0
23453;751;299;29;33;30;1
23455;559;266;30;33;30;1
23458;1089;2;31;33;30;0
23459;841;299;29;33;30;1
23460;871;299;29;33;30;1
23470;901;299;29;33;30;1
23475;931;299;29;33;30;1
23478;497;266;30;33;30;1
23481;1153;2;31;33;30;0
23487;435;266;30;33;30;0
23490;1097;563;1;33;30;0
23492;1081;299;29;33;30;1
23494;373;266;30;33;30;1
23506;1185;2;31;33;30;0
23515;1095;563;1;33;30;0
23517;1091;563;1;33;30;0
23519;1249;2;31;33;30;0
23529;1089;563;1;33;30;0
23534;1083;563;1;33;30;0
23550;125;266;30;33;30;0
23553;1077;563;1;33;30;0
23554;1381;299;29;33;30;1
23556;1409;2;31;33;30;0
23562;1441;299;29;33;30;1
23566;63;266;30;33;30;0
23567;1441;2;31;33;30;0
23569;1473;2;31;33;30;0
23601;2016;233;30;33;30;0
23611;1075;563;1;33;30;0
23613;1073;563;1;33;30;0
23614;1071;563;1;33;30;0
23616;1681;299;29;33;30;0
23621;1923;233;30;33;30;0
23624;1069;563;1;33;30;0
23626;1771;299;29;33;30;0
23627;1892;233;30;33;30;0
23637;1830;233;30;33;30;0
23646;1799;233;30;33;30;0
23665;1149;464;27;33;30;2
23769;1061;563;1;33;30;0
23798;59;431;28;33;30;2
23815;1057;563;1;33;30;0
23849;1053;563;1;33;30;0
24029;88;431;28;33;30;0
24035;1768;233;30;33;30;1
24037;61;332;29;33;30;1
24038;91;332;29;33;30;1
24040;1051;563;1;33;30;0
24046;1706;233;30;33;30;0
24059;1569;2;31;33;30;0
24067;1613;233;30;33;30;0
24076;1582;233;30;33;30;0
24093;1049;563;1;33;30;0
24107;146;431;28;33;30;2
24109;1489;233;30;33;30;0
24111;361;332;29;33;30;1
24112;1427;233;30;33;30;0
24115;1365;233;30;33;30;1
24120;451;332;29;33;30;1
24125;1045;563;1;33;30;0
24133;1303;233;30;33;30;1
24149;1729;2;31;33;30;0
24178;571;332;29;33;30;1
24179;601;332;29;33;30;1
24180;631;332;29;33;30;1
24184;661;332;29;33;30;1
24187;1043;563;1;33;30;0
24190;1033;563;1;33;30;0
24195;1953;2;31;33;30;0
24202;1031;563;1;33;30;0
24207;1117;233;30;33;30;0
24213;1086;233;30;33;30;0
24215;1024;233;30;33;30;0
24230;993;233;30;33;30;0
24231;1985;2;31;33;30;0
24235;931;233;30;33;30;0
24237;900;233;30;33;30;0
24247;683;233;30;33;30;0
24259;1027;563;1;33;30;0
24310;559;233;30;33;30;0
24311;1025;563;1;33;30;0
24314;129;35;31;33;30;0
24335;497;233;30;33;30;1
24341;1924;431;27;33;30;2
24351;466;233;30;33;30;0
24358;1023;563;1;33;30;0
24369;404;233;30;33;30;0
24373;1321;332;29;33;30;1
24375;373;233;30;33;30;1
24382;1021;563;1;33;30;0
24403;617;464;27;33;30;2
24418;193;35;31;33;30;0
24427;1017;563;1;33;30;0
24433;1015;563;1;33;30;0
24441;225;35;31;33;30;0
24444;1013;563;1;33;30;0
24453;257;35;31;33;30;0
24459;218;233;30;33;30;0
24460;289;35;31;33;30;0
24466;353;35;31;33;30;0
24467;481;35;31;33;30;0
24471;94;233;30;33;30;0
24481;1011;563;1;33;30;0
24489;545;35;31;33;30;0
24494;1009;563;1;33;30;0
24499;577;35;31;33;30;0
24515;641;35;31;33;30;0
24517;865;35;31;33;30;0
24524;1005;563;1;33;30;0
24525;999;563;1;33;30;0
24535;1799;200;30;33;30;1
24536;1768;200;30;33;30;1
24537;997;563;1;33;30;0
24540;897;35;31;33;30;0
24544;929;35;31;33;30;0
24555;961;35;31;33;30;0
24565;1057;35;31;33;30;0
24594;993;563;1;33;30;0
24598;991;563;1;33;30;0
24605;1551;200;30;33;30;1
24608;989;563;1;33;30;0
24613;1089;35;31;33;30;0
24615;1458;200;30;33;30;0
24618;983;563;1;33;30;0
24651;977;563;1;33;30;0
24656;973;563;1;33;30;0
24677;971;563;1;33;30;0
24681;1313;35;31;33;30;0
24687;1377;35;31;33;30;0
24693;967;563;1;33;30;0
24724;1389;563;1;33;30;0
24735;959;563;1;33;30;0
24746;1505;35;31;33;30;0
24754;1055;200;30;33;30;1
24773;1024;200;30;33;30;0
24785;957;563;1;33;30;0
24816;955;563;1;33;30;0
24819;1665;35;31;33;30;0
24841;953;563;1;33;30;0
24847;838;200;30;33;30;1
24858;951;563;1;33;30;0
24859;807;200;30;33;30;1
24863;1761;35;31;33;30;0
24904;949;563;1;33;30;0
24907;1857;35;31;33;30;0
24931;1889;35;31;33;30;0
25014;941;563;1;33;30;0
25022;933;563;1;33;30;0
25104;559;200;30;33;30;0
25105;528;200;30;33;30;1
25126;497;200;30;33;30;1
25151;931;563;1;33;30;0
25152;435;200;30;33;30;0
25161;929;563;1;33;30;0
25163;1291;365;29;33;30;1
25165;1321;365;29;33;30;1
25171;1351;365;29;33;30;1
25173;921;563;1;33;30;0
25201;919;563;1;33;30;0
25215;1985;35;31;33;30;0
25216;311;200;30;33;30;1
25233;915;563;1;33;30;0
25237;249;200;30;33;30;1
25239;913;563;1;33;30;0
25240;94;200;30;33;30;0
25244;909;563;1;33;30;0
25246;907;563;1;33;30;0
25265;905;563;1;33;30;0
25269;903;563;1;33;30;0
25276;901;563;1;33;30;0
25285;1923;167;30;33;30;0
25293;893;563;1;33;30;0
25296;891;563;1;33;30;0
25298;889;563;1;33;30;0
25307;1891;365;29;33;30;1
25309;1799;167;30;33;30;1
25312;887;563;1;33;30;0
25313;321;68;31;33;30;0
25335;885;563;1;33;30;0
25342;353;68;31;33;30;1
25345;1520;167;30;33;30;0
25351;1396;167;30;33;30;0
25361;877;563;1;33;30;0
25387;873;563;1;33;30;0
25391;871;563;1;33;30;0
25429;869;563;1;33;30;0
25448;962;167;30;33;30;1
25480;900;167;30;33;30;1
25490;867;563;1;33;30;0
25496;865;563;1;33;30;0
25499;863;563;1;33;30;0
25505;1345;68;31;33;30;0
25506;2016;134;30;33;30;1
25509;421;398;29;33;30;1
25522;857;563;1;33;30;0
25551;851;563;1;33;30;0
25552;1601;68;31;33;30;0
25563;845;563;1;33;30;0
25569;843;563;1;33;30;0
25588;839;563;1;33;30;0
25594;837;563;1;33;30;0
25613;1633;68;31;33;30;0
25658;835;563;1;33;30;0
25666;827;563;1;33;30;0
25731;823;563;1;33;30;0
25774;815;563;1;33;30;0
25805;1761;68;31;33;30;0
25903;841;398;29;33;30;1
25913;871;398;29;33;30;2
25915;811;563;1;33;30;0
25918;1921;68;31;33;30;0
25925;1365;134;30;33;30;1
25935;809;563;1;33;30;0
25937;1;101;31;33;30;0
25943;33;101;31;33;30;0
25945;65;101;31;33;30;0
25955;1210;134;30;33;30;1
25964;97;101;31;33;30;0
25968;1148;134;30;33;30;1
25972;1117;134;30;33;30;1
25973;1086;134;30;33;30;1
25991;1261;398;29;33;30;1
25998;803;563;1;33;30;0
26009;289;101;31;33;30;0
26023;799;563;1;33;30;0
26029;523;431;28;33;30;2
26032;1892;266;30;33;30;0
26041;1441;398;29;33;30;1
26045;797;563;1;33;30;0
26053;353;101;31;33;30;0
26059;795;563;1;33;30;0
26063;385;101;31;33;30;0
26071;449;101;31;33;30;0
26082;793;563;1;33;30;0
26085;677;497;24;33;30;4
26089;1681;398;29;33;30;1
26118;791;563;1;33;30;0
26119;789;563;1;33;30;0
26126;1364;431;27;33;30;2
26132;1771;398;29;33;30;1
26143;776;134;30;33;30;0
26144;1651;398;29;33;30;2
26152;1621;398;29;33;30;1
26172;481;101;31;33;30;0
26178;1947;398;28;33;30;2
26217;1976;398;28;33;30;2
26222;787;563;1;33;30;0
26223;683;134;30;33;30;1
26228;1591;398;29;33;30;1
26230;785;563;1;33;30;0
26247;781;563;1;33;30;0
26262;590;134;30;33;30;1
26263;1561;398;29;33;30;1
26286;577;101;31;33;30;0
26292;609;101;31;33;30;0
26354;1392;431;27;33;30;2
26356;779;563;1;33;30;0
26360;1501;398;29;33;30;1
26367;777;563;1;33;30;0
26368;435;134;30;33;30;0
26376;1725;464;26;33;30;1
26377;404;134;30;33;30;0
26381;961;101;31;33;30;0
26395;1471;398;29;33;30;1
26397;1411;398;29;33;30;1
26399;1381;398;29;33;30;0
26408;1057;101;31;33;30;0
26410;1089;101;31;33;30;0
26411;1185;101;31;33;30;0
26412;1249;101;31;33;30;0
26413;1141;398;29;33;30;1
26426;1377;101;31;33;30;0
26448;125;134;30;33;30;1
26454;773;563;1;33;30;0
26463;1569;101;31;33;30;0
26465;1601;101;31;33;30;0
26469;1633;101;31;33;30;0
26479;771;563;1;33;30;0
26481;1665;101;31;33;30;0
26495;1886;101;30;33;30;1
26512;769;563;1;33;30;0
26517;767;563;1;33;30;0
26519;1729;101;31;33;30;0
26522;2017;68;30;33;30;1
26524;2017;35;30;33;30;1
26525;1761;101;31;33;30;0
26528;763;563;1;33;30;0
26564;761;563;1;33;30;0
26576;757;563;1;33;30;0
26579;1917;101;30;33;30;1
26609;32;134;30;33;30;0
26619;1537;101;31;33;30;0
26628;94;134;30;33;30;1
26657;1473;101;31;33;30;0
26666;1441;101;31;33;30;0
26680;755;563;1;33;30;0
26681;1409;101;31;33;30;0
26684;1345;101;31;33;30;0
26691;751;563;1;33;30;0
26696;1313;101;31;33;30;0
26800;1281;101;31;33;30;0
26820;749;563;1;33;30;0
26834;1217;101;31;33;30;0
26842;747;563;1;33;30;0
26862;1153;101;31;33;30;0
26908;1121;101;31;33;30;0
26989;311;134;30;33;30;1
26997;1025;101;31;33;30;0
27005;993;101;31;33;30;0
27010;745;563;1;33;30;0
27083;466;134;30;33;30;0
27084;743;563;1;33;30;0
27096;897;101;31;33;30;0
27161;865;101;31;33;30;0
27169;833;101;31;33;30;0
27177;497;134;30;33;30;0
27178;769;101;31;33;30;0
27231;737;101;31;33;30;0
27424;705;101;31;33;30;0
27425;673;101;31;33;30;0
27442;641;101;31;33;30;0
27468;528;134;30;33;30;1
27475;739;563;1;33;30;0
27490;1921;365;29;33;30;1
27491;1801;365;29;33;30;1
27494;559;134;30;33;30;1
27497;545;101;31;33;30;0
27503;1741;365;29;33;30;1
27507;735;563;1;33;30;0
27508;745;134;30;33;30;0
27515;1591;365;29;33;30;1
27530;729;563;1;33;30;0
27531;869;134;30;33;30;0
27572;725;563;1;33;30;0
27573;417;101;31;33;30;0
27578;900;134;30;33;30;1
27579;723;563;1;33;30;0
27583;721;563;1;33;30;0
27597;321;101;31;33;30;0
27598;1024;134;30;33;30;0
27602;991;365;29;33;30;1
27604;1055;134;30;33;30;0
27611;841;365;29;33;30;1
27663;781;365;29;33;30;1
27665;631;365;29;33;30;1
27671;225;101;31;33;30;0
27700;193;101;31;33;30;0
27703;161;101;31;33;30;0
27704;129;101;31;33;30;0
27713;719;563;1;33;30;0
27714;1241;134;30;33;30;1
27735;717;563;1;33;30;0
27738;715;563;1;33;30;0
27770;1985;68;31;33;30;0
27784;713;563;1;33;30;0
27788;711;563;1;33;30;0
27810;709;563;1;33;30;0
27833;391;365;29;33;30;0
27835;1889;68;31;33;30;0
27836;707;563;1;33;30;0
27841;705;563;1;33;30;0
27849;1825;68;31;33;30;0
27861;1458;134;30;33;30;0
27873;703;563;1;33;30;0
27874;1729;68;31;33;30;0
27875;181;365;29;33;30;1
27880;1644;134;30;33;30;0
27888;701;563;1;33;30;0
27915;1706;134;30;33;30;0
27927;1799;134;30;33;30;0
27963;94;167;30;33;30;0
27966;218;167;30;33;30;0
27969;1473;68;31;33;30;0
27972;699;563;1;33;30;0
27973;249;167;30;33;30;0
28014;695;563;1;33;30;0
28020;1377;68;31;33;30;0
28023;342;167;30;33;30;0
28040;466;167;30;33;30;0
28057;693;563;1;33;30;0
28082;1281;68;31;33;30;0
28107;691;563;1;33;30;0
28129;689;563;1;33;30;0
28145;1185;68;31;33;30;0
28149;687;563;1;33;30;0
28151;497;167;30;33;30;0
28155;685;563;1;33;30;0
28165;652;167;30;33;30;0
28167;683;563;1;33;30;0
28168;1025;68;31;33;30;0
28187;993;68;31;33;30;0
28193;681;563;1;33;30;0
28201;929;68;31;33;30;0
28204;776;167;30;33;30;0
28271;865;68;31;33;30;0
28288;838;167;30;33;30;0
28304;801;68;31;33;30;0
28310;993;167;30;33;30;0
28342;675;563;1;33;30;0
28357;673;563;1;33;30;0
28381;667;563;1;33;30;0
28404;665;563;1;33;30;0
28418;663;563;1;33;30;0
28436;609;68;31;33;30;0
28500;577;68;31;33;30;0
28526;1458;167;30;33;30;0
28528;659;563;1;33;30;0
28608;481;68;31;33;30;0
28611;657;563;1;33;30;0
28641;653;563;1;33;30;0
28734;649;563;1;33;30;0
28779;1551;167;30;33;30;1
28783;1675;167;30;33;30;0
28784;289;68;31;33;30;0
28797;1737;167;30;33;30;1
28809;647;563;1;33;30;0
28814;641;563;1;33;30;0
28845;2016;167;30;33;30;0
28857;156;200;30;33;30;0
28872;639;563;1;33;30;0
28937;637;563;1;33;30;0
28961;218;200;30;33;30;0
28982;342;200;30;33;30;0
28988;652;200;30;33;30;0
29017;635;563;1;33;30;0
29031;683;200;30;33;30;1
29087;714;200;30;33;30;1
29105;1825;35;31;33;30;0
29123;1793;35;31;33;30;0
29158;619;563;1;33;30;0
29238;1729;35;31;33;30;0
29255;541;332;29;33;30;1
29256;1697;35;31;33;30;0
29273;613;563;1;33;30;0
29282;609;563;1;33;30;0
29289;900;200;30;33;30;0
29298;607;563;1;33;30;0
29305;1086;200;30;33;30;0
29344;605;563;1;33;30;0
29359;1179;200;30;33;30;0
29366;1409;35;31;33;30;0
29378;603;563;1;33;30;0
29420;1345;35;31;33;30;0
29421;595;563;1;33;30;0
29483;591;563;1;33;30;0
29508;589;563;1;33;30;0
29539;587;563;1;33;30;0
29554;585;563;1;33;30;0
29575;181;332;29;33;30;1
29577;151;332;29;33;30;1
29579;31;332;29;33;30;1
29694;1334;200;30;33;30;1
29699;1217;35;31;33;30;0
29702;1;332;29;33;30;1
29872;583;563;1;33;30;0
29976;581;563;1;33;30;0
29983;1396;200;30;33;30;0
29987;1427;200;30;33;30;0
29992;1711;299;29;33;30;0
30001;1037;464;27;33;30;2
30003;953;464;27;33;30;2
30007;1651;299;29;33;30;0
30010;1621;299;29;33;30;2
30011;1561;299;29;33;30;1
30028;1121;35;31;33;30;0
30033;1520;200;30;33;30;0
30053;1582;200;30;33;30;1
30058;1025;35;31;33;30;0
30064;1471;299;29;33;30;1
30097;993;35;31;33;30;0
30149;1613;200;30;33;30;0
30151;577;563;1;33;30;0
30171;1737;200;30;33;30;0
30274;575;563;1;33;30;0
30330;833;35;31;33;30;0
30331;801;35;31;33;30;0
30333;287;497;25;33;30;3
30334;1321;299;29;33;30;1
30340;30;431;28;33;30;2
30342;573;563;1;33;30;0
30382;1892;200;30;33;30;0
30410;1923;200;30;33;30;1
30423;567;563;1;33;30;0
30427;673;35;31;33;30;0
30436;565;563;1;33;30;0
30446;1244;497;23;33;30;4
30452;1231;299;29;33;30;1
30456;1171;299;29;33;30;0
30475;1954;200;30;33;30;0
30495;1141;299;29;33;30;1
30496;559;563;1;33;30;0
30524;1111;299;29;33;30;2
30528;1985;200;30;33;30;0
30636;557;563;1;33;30;0
30643;555;563;1;33;30;0
30693;1051;299;29;33;30;0
30701;2016;200;30;33;30;0
30707;63;233;30;33;30;0
30722;513;35;31;33;30;0
30740;125;233;30;33;30;0
30741;553;563;1;33;30;0
30772;417;35;31;33;30;0
30828;547;563;1;33;30;0
30906;156;233;30;33;30;0
30952;1391;563;1;33;30;0
31034;187;233;30;33;30;0
31036;249;233;30;33;30;0
31038;311;233;30;33;30;0
31048;935;563;1;33;30;0
31062;161;35;31;33;30;0
31070;528;233;30;33;30;0
31085;97;35;31;33;30;0
31105;65;35;31;33;30;0
31109;1195;563;1;33;30;0
31119;838;233;30;33;30;0
31168;1283;563;1;33;30;0
31169;1148;233;30;33;30;1
31185;1921;2;31;33;30;0
31186;1889;2;31;33;30;0
31192;1857;2;31;33;30;0
31209;1303;563;1;33;30;0
31216;1307;563;1;33;30;0
31227;1179;233;30;33;30;1
31243;1210;233;30;33;30;0
31246;1272;233;30;33;30;1
31278;1458;233;30;33;30;0
31292;1351;563;1;33;30;0
31309;1665;2;31;33;30;0
31311;1353;563;1;33;30;0
31348;991;299;29;33;30;1
31350;961;299;29;33;30;1
31354;811;299;29;33;30;1
31361;1357;563;1;33;30;0
31435;781;299;29;33;30;1
31452;1359;563;1;33;30;0
31456;451;299;29;33;30;1
31471;1363;563;1;33;30;0
31478;1551;233;30;33;30;0
31505;1644;233;30;33;30;0
31526;1367;563;1;33;30;0
31532;1861;233;30;33;30;0
31558;1;266;30;33;30;0
31561;32;266;30;33;30;0
31563;94;266;30;33;30;0
31568;1371;563;1;33;30;0
31572;1345;2;31;33;30;0
31574;1313;2;31;33;30;0
31639;218;266;30;33;30;0
31649;249;266;30;33;30;0
31665;311;266;30;33;30;0
31680;342;266;30;33;30;0
31684;1373;563;1;33;30;0
31689;1121;2;31;33;30;0
31777;528;266;30;33;30;0
31840;1377;563;1;33;30;0
31881;1057;2;31;33;30;0
31896;1379;563;1;33;30;0
31934;1025;2;31;33;30;0
31958;714;266;30;33;30;0
31992;838;266;30;33;30;1
31995;869;266;30;33;30;1
32000;897;2;31;33;30;0
32004;331;299;29;33;30;0
32005;931;266;30;33;30;1
32013;962;266;30;33;30;0
32020;801;2;31;33;30;0
32025;769;2;31;33;30;0
32026;737;2;31;33;30;0
32032;301;299;29;33;30;1
32048;993;266;30;33;30;0
32066;673;2;31;33;30;0
32068;641;2;31;33;30;0
32070;1381;563;1;33;30;0
32076;577;2;31;33;30;0
32080;1055;266;30;33;30;0
32102;513;2;31;33;30;0
32113;481;2;31;33;30;0
32117;449;2;31;33;30;0
32118;1303;266;30;33;30;0
32153;1385;563;1;33;30;0
32154;353;2;31;33;30;0
32191;1427;266;30;33;30;0
32202;1387;563;1;33;30;0
32207;1489;266;30;33;30;1
32209;225;2;31;33;30;0
32218;193;2;31;33;30;0
32224;1393;563;1;33;30;0
32232;1551;266;30;33;30;0
32244;1737;266;30;33;30;1
32257;1395;563;1;33;30;0
32260;1399;563;1;33;30;0
32302;65;2;31;33;30;0
32318;33;2;31;33;30;0
32321;1401;563;1;33;30;0
32566;1405;563;1;33;30;0
32618;1801;398;29;33;30;1
32622;91;299;29;33;30;1
32624;1397;563;1;33;30;0
32626;1799;266;30;33;30;0
32650;241;299;29;33;30;1
32654;1458;266;30;33;30;1
32676;1396;266;30;33;30;0
32680;1383;563;1;33;30;0
32681;1024;266;30;33;30;1
32701;1860;398;28;33;30;1
32722;1889;398;28;33;30;1
32763;1375;563;1;33;30;0
32769;466;266;30;33;30;0
32771;187;266;30;33;30;0
32773;1737;233;30;33;30;0
32784;1365;563;1;33;30;0
32819;361;299;29;33;30;1
32854;511;299;29;33;30;1
32862;1812;431;27;33;30;2
32884;1355;563;1;33;30;0
32887;1633;2;31;33;30;0
32905;1918;398;28;33;30;2
32908;1349;563;1;33;30;0
32930;1347;563;1;33;30;0
32937;1339;563;1;33;30;0
32946;1021;299;29;33;30;1
32963;253;464;27;33;30;2
32966;1301;563;1;33;30;0
32972;962;233;30;33;30;0
32990;1247;563;1;33;30;0
33012;1197;563;1;33;30;0
33016;714;233;30;33;30;0
33021;342;233;30;33;30;0
33032;321;35;31;33;30;0
33050;1225;563;1;33;30;0
33073;963;563;1;33;30;0
33104;1369;563;1;33;30;0
33109;543;563;1;33;30;0
33136;545;563;1;33;30;0
33145;385;35;31;33;30;0
33180;549;563;1;33;30;0
33192;551;563;1;33;30;0
33235;449;35;31;33;30;0
33251;2005;398;28;33;30;2
33256;1;431;28;33;30;2
33258;1941;464;25;33;30;3
33261;561;563;1;33;30;0
33268;563;563;1;33;30;0
33288;1261;299;29;33;30;1
33292;1291;299;29;33;30;1
33310;569;563;1;33;30;0
33311;571;563;1;33;30;0
33337;769;35;31;33;30;0
33391;1861;200;30;33;30;0
33394;1644;200;30;33;30;0
33455;579;563;1;33;30;0
33457;1891;299;29;33;30;1
33464;1951;299;29;33;30;1
33509;271;332;29;33;30;1
33510;301;332;29;33;30;1
33590;1281;35;31;33;30;0
33609;331;332;29;33;30;1
33624;593;563;1;33;30;0
33655;1303;200;30;33;30;0
33740;597;563;1;33;30;0
33747;599;563;1;33;30;0
33775;601;563;1;33;30;0
33853;1272;200;30;33;30;1
33865;1117;200;30;33;30;1
33879;962;200;30;33;30;0
34101;1633;35;31;33;30;0
34180;611;563;1;33;30;0
34220;869;200;30;33;30;1
34384;615;563;1;33;30;0
34394;617;563;1;33;30;0
34411;776;200;30;33;30;1
34425;621;563;1;33;30;0
34509;623;563;1;33;30;0
34521;625;563;1;33;30;0
34542;627;563;1;33;30;0
34588;629;563;1;33;30;0
34678;631;563;1;33;30;0
34701;633;563;1;33;30;0
34880;1921;35;31;33;30;0
34892;187;200;30;33;30;0
34899;65;68;31;33;30;0
34903;161;68;31;33;30;0
34909;643;563;1;33;30;0
34913;645;563;1;33;30;0
34915;1892;167;30;33;30;0
34920;385;68;31;33;30;0
34987;651;563;1;33;30;0
35009;417;68;31;33;30;0
35010;655;563;1;33;30;0
35013;449;68;31;33;30;0
35023;513;68;31;33;30;0
35029;661;563;1;33;30;0
35036;1179;167;30;33;30;0
35069;673;68;31;33;30;0
35079;705;68;31;33;30;0
35090;669;563;1;33;30;0
35186;671;563;1;33;30;0
35199;1201;332;29;33;30;1
35201;1231;332;29;33;30;1
35206;677;563;1;33;30;0
35207;679;563;1;33;30;0
35211;714;167;30;33;30;0
35222;1057;68;31;33;30;0
35226;590;167;30;33;30;0
35239;1411;332;29;33;30;1
35242;1217;68;31;33;30;0
35251;1249;68;31;33;30;0
35282;1741;332;29;33;30;0
35299;1409;68;31;33;30;0
35302;697;563;1;33;30;0
35328;1951;332;29;33;30;1
35336;61;365;29;33;30;1
35342;1520;134;30;33;30;1
35347;331;365;29;33;30;1
35352;1427;134;30;33;30;1
35370;421;365;29;33;30;1
35373;1396;134;30;33;30;1
35377;1334;134;30;33;30;1
35379;1303;134;30;33;30;1
35388;1272;134;30;33;30;1
35413;1179;134;30;33;30;1
35422;1021;365;29;33;30;1
35430;962;134;30;33;30;1
35433;1171;365;29;33;30;1
35440;727;563;1;33;30;0
35441;1411;365;29;33;30;1
35463;731;563;1;33;30;0
35465;733;563;1;33;30;0
35469;621;134;30;33;30;1
35475;737;563;1;33;30;0
35477;1951;365;29;33;30;1
35480;741;563;1;33;30;0
35486;1981;365;29;33;30;1
35488;373;134;30;33;30;1
35492;280;134;30;33;30;1
35500;61;398;29;33;30;1
35501;121;398;29;33;30;1
35504;753;563;1;33;30;0
35519;181;398;29;33;30;1
35527;1824;101;30;33;30;1
35531;759;563;1;33;30;0
35613;1793;101;30;33;30;1
35672;511;398;29;33;30;1
35676;765;563;1;33;30;0
35686;1697;101;31;33;30;0
35696;1855;101;30;33;30;1
35703;1948;101;30;33;30;1
35937;1505;101;31;33;30;0
35946;775;563;1;33;30;0
36000;929;101;31;33;30;0
36001;801;101;31;33;30;0
36008;513;101;31;33;30;0
36009;783;563;1;33;30;0
36012;652;134;30;33;30;0
36015;714;134;30;33;30;0
36020;807;134;30;33;30;1
36023;1711;398;29;33;30;1
36024;838;134;30;33;30;0
36027;931;134;30;33;30;0
36039;993;134;30;33;30;1
36062;1351;398;29;33;30;1
36066;801;563;1;33;30;0
36074;1861;266;30;33;30;0
36077;805;563;1;33;30;0
36104;807;563;1;33;30;0
36196;1953;68;31;33;30;0
36208;1793;68;31;33;30;0
36212;813;563;1;33;30;0
36215;1551;134;30;33;30;0
36229;817;563;1;33;30;0
36234;819;563;1;33;30;0
36259;821;563;1;33;30;0
36275;1582;134;30;33;30;0
36321;825;563;1;33;30;0
36335;1697;68;31;33;30;0
36339;829;563;1;33;30;0
36362;831;563;1;33;30;0
36367;833;563;1;33;30;0
36523;1768;134;30;33;30;1
36554;631;398;29;33;30;1
36557;601;398;29;33;30;1
36562;841;563;1;33;30;0
36578;1830;134;30;33;30;1
36605;1923;134;30;33;30;1
36637;847;563;1;33;30;0
36649;849;563;1;33;30;0
36650;1985;134;30;33;30;1
36763;853;563;1;33;30;0
36785;855;563;1;33;30;0
36794;451;398;29;33;30;1
36796;859;563;1;33;30;0
36814;861;563;1;33;30;0
36817;331;398;29;33;30;1
36820;301;398;29;33;30;1
36855;559;167;30;33;30;1
36861;1024;167;30;33;30;0
36864;1055;167;30;33;30;1
36865;1272;167;30;33;30;0
36867;875;563;1;33;30;0
36870;91;398;29;33;30;1
36879;879;563;1;33;30;0
36884;881;563;1;33;30;0
36889;883;563;1;33;30;0
36890;1582;167;30;33;30;1
36895;1768;167;30;33;30;1
36896;1861;365;29;33;30;1
36899;1831;365;29;33;30;1
36914;1830;167;30;33;30;1
36920;895;563;1;33;30;0
36930;897;563;1;33;30;0
36933;899;563;1;33;30;0
36938;1985;167;30;33;30;0
36939;1;200;30;33;30;1
36942;32;200;30;33;30;1
36947;1651;365;29;33;30;1
36948;63;200;30;33;30;1
36949;911;563;1;33;30;0
36960;125;200;30;33;30;0
36969;280;200;30;33;30;1
36974;917;563;1;33;30;0
36984;373;200;30;33;30;1
36986;404;200;30;33;30;1
37034;923;563;1;33;30;0
37048;925;563;1;33;30;0
37070;927;563;1;33;30;0
37096;1261;365;29;33;30;1
37117;466;200;30;33;30;0
37197;590;200;30;33;30;1
37204;1403;563;1;33;30;0
37237;937;563;1;33;30;0
37239;939;563;1;33;30;0
37240;621;200;30;33;30;1
37266;943;563;1;33;30;0
37276;945;563;1;33;30;0
37320;947;563;1;33;30;0
37324;961;365;29;33;30;1
37325;871;365;29;33;30;1
37326;811;365;29;33;30;1
37327;751;365;29;33;30;1
37329;1569;35;31;33;30;0
37341;1473;35;31;33;30;0
37347;961;563;1;33;30;0
37444;1210;200;30;33;30;1
37467;965;563;1;33;30;0
37504;1241;200;30;33;30;1
37507;969;563;1;33;30;0
37549;1249;35;31;33;30;0
37628;1365;200;30;33;30;0
37676;975;563;1;33;30;0
37682;1185;35;31;33;30;0
37723;979;563;1;33;30;0
37749;981;563;1;33;30;0
37857;1153;35;31;33;30;0
37912;985;563;1;33;30;0
37969;987;563;1;33;30;0
38263;271;365;29;33;30;1
38281;1261;464;27;33;30;2
38283;1317;464;27;33;30;2
38289;995;563;1;33;30;0
38291;1373;464;27;33;30;2
38306;1233;464;27;33;30;2
38343;1001;563;1;33;30;0
38360;1003;563;1;33;30;0
38450;668;431;28;33;30;2
38459;1007;563;1;33;30;0
38477;1831;332;29;33;30;2
38480;1771;332;29;33;30;2
38491;494;431;28;33;30;2
38498;465;431;28;33;30;2
38500;1471;332;29;33;30;2
38512;1019;563;1;33;30;0
38522;1381;332;29;33;30;2
38525;1261;332;29;33;30;2
38538;1111;332;29;33;30;2
38542;1051;332;29;33;30;2
38548;1029;563;1;33;30;0
38555;781;332;29;33;30;2
38556;233;431;28;33;30;2
38560;1035;563;1;33;30;0
38587;1037;563;1;33;30;0
38596;1039;563;1;33;30;0
38597;1041;563;1;33;30;0
38598;1825;2;31;33;30;0
38609;1334;233;30;33;30;0
38626;1047;563;1;33;30;0
38627;1601;2;31;33;30;0
38632;121;332;29;33;30;1
38634;2011;299;29;33;30;1
38640;1055;563;1;33;30;0
38642;1981;299;29;33;30;1
38647;1059;563;1;33;30;0
38651;1921;299;29;33;30;1
38663;1063;563;1;33;30;0
38666;1065;563;1;33;30;0
38695;1067;563;1;33;30;0
38738;1741;299;29;33;30;1
38745;1954;233;30;33;30;1
38750;1985;233;30;33;30;0
38754;1591;299;29;33;30;1
38899;1351;299;29;33;30;1
38911;1079;563;1;33;30;0
38913;1081;563;1;33;30;0
38914;156;266;30;33;30;1
38915;1085;563;1;33;30;0
38917;1087;563;1;33;30;0
38918;1281;2;31;33;30;0
38928;280;266;30;33;30;1
38929;1093;563;1;33;30;0
38936;1217;2;31;33;30;0
38957;404;266;30;33;30;1
38972;1099;563;1;33;30;0
38988;993;2;31;33;30;0
38989;961;2;31;33;30;0
38996;929;2;31;33;30;0
38997;1107;563;1;33;30;0
39000;833;2;31;33;30;0
39006;609;2;31;33;30;0
39015;1113;563;1;33;30;0
39080;545;2;31;33;30;0
39131;1148;266;30;33;30;1
39135;417;2;31;33;30;0
39154;385;2;31;33;30;0
39164;1582;266;30;33;30;0
39165;1125;563;1;33;30;0
39166;1127;563;1;33;30;0
39178;129;2;31;33;30;0
39208;1830;266;30;33;30;0
39318;2013;266;29;33;30;1
39321;1135;563;1;33;30;0
39340;1983;266;29;33;30;0
39364;1139;563;1;33;30;0
39366;1141;563;1;33;30;0
39378;1143;563;1;33;30;0
39438;1145;563;1;33;30;0
39442;1147;563;1;33;30;0
39443;1;2;31;33;30;0
39514;1151;563;1;33;30;0
39592;1953;266;29;33;30;1
39640;1;299;29;33;30;1
39658;1157;563;1;33;30;0
39661;1159;563;1;33;30;0
39740;1161;563;1;33;30;0
39746;1163;563;1;33;30;0
39764;1165;563;1;33;30;0
39854;1167;563;1;33;30;0
40165;1768;266;30;33;30;0
40180;181;299;29;33;30;1
40199;1173;563;1;33;30;0
40644;1272;266;30;33;30;1
40658;1241;266;30;33;30;1
40665;1179;563;1;33;30;0
40723;1181;563;1;33;30;0
40736;1183;563;1;33;30;0
40763;211;299;29;33;30;1
65281;1778;530;15;33;30;8
65284;751;530;19;33;30;6
65285;1476;431;27;33;30;2
65286;443;497;25;33;30;4
65288;232;563;13;33;30;17
65289;134;563;13;33;30;1
65290;871;530;19;33;30;6
65291;339;497;25;33;30;3
65295;1201;299;29;33;30;1
65296;177;530;21;33;30;5
65297;1195;530;18;33;30;7
65298;133;530;21;33;30;5
65299;23;530;21;33;30;5
65300;1745;497;21;33;30;5
65301;1723;497;21;33;30;5
65302;1701;497;21;33;30;5
65303;851;530;19;33;30;6
65304;1591;497;21;33;30;5
65305;1613;497;21;33;30;5
65306;520;563;7;33;30;12
65309;599;497;25;33;30;3
65311;1401;464;26;33;30;2
65313;313;497;25;33;30;3
65314;1523;497;22;33;30;5
65315;1362;497;22;33;30;5
65316;1546;497;22;33;30;5
65317;711;530;19;33;30;6
65318;242;530;20;33;30;6
65319;1431;497;22;33;30;4
65320;89;530;21;33;30;5
65321;162;563;13;33;30;9
65322;263;530;20;33;30;5
65323;1076;497;23;33;30;5
65324;611;530;19;33;30;7
65325;841;464;27;33;30;2
65326;1635;497;21;33;30;5
65327;1052;497;23;33;30;4
65328;1569;497;21;33;30;6
65329;365;497;25;33;30;3
65330;1454;497;22;33;30;5
65331;1657;497;21;33;30;5
65332;1679;497;21;33;30;5
65333;1;530;21;33;30;5
65334;79;497;25;33;30;3
65335;931;365;29;33;30;1
65336;27;497;25;33;30;3
65337;927;497;24;33;30;4
65338;111;530;21;33;30;5
65344;176;563;13;33;30;9
65345;731;530;19;33;30;6
65346;1119;530;18;33;30;7
65347;1100;530;18;33;30;7
65348;1081;530;18;33;30;6
65349;591;530;19;33;30;6
65350;1746;530;15;33;30;8
65351;491;530;19;33;30;6
65352;1250;530;17;33;30;7
65353;462;563;10;33;30;10
65354;373;563;11;33;30;9
65355;326;530;20;33;30;6
65356;429;563;10;33;30;11
65357;261;497;25;33;30;3
65358;1214;530;17;33;30;7
65359;831;530;19;33;30;6
65360;1062;530;18;33;30;7
65361;771;530;19;33;30;6
65362;31;563;14;33;30;9
65363;651;530;19;33;30;6
65364;1714;530;15;33;30;8
65365;1268;530;17;33;30;7
65366;67;530;21;33;30;5
65367;521;497;25;33;30;3
65368;45;530;21;33;30;5
65369;155;530;21;33;30;5
65370;1232;530;17;33;30;7
65374;661;398;29;33;30;1
65381;418;563;10;33;15;3
65383;1858;530;15;33;15;1
65384;1794;530;15;33;15;0
65388;1579;530;16;33;15;0
65390;190;563;13;33;15;1
65391;1528;530;16;33;15;0
65392;91;563;14;33;15;1
65393;1460;530;16;33;15;0
65398;1730;530;15;33;15;0
65399;1494;530;16;33;15;0
65400;1511;530;16;33;15;0
65402;1874;530;14;33;15;1
65404;1647;530;16;33;15;0
65405;1613;530;16;33;15;0
65406;1762;530;15;33;15;0
65407;1562;530;16;33;15;0
65408;1443;530;16;33;15;0
65409;1426;530;16;33;15;0
65411;1409;530;16;33;15;0
65412;76;563;14;33;15;2
65413;2031;497;16;33;15;0
65417;1810;530;15;33;15;0
65418;1596;530;16;33;15;0
65419;204;563;13;33;15;2
65420;46;563;14;33;15;1
65421;1681;530;16;33;15;0
65423;1477;530;16;33;15;0
65424;1392;530;16;33;15;0
65426;1375;530;16;33;15;0
65430;1979;530;14;33;15;1
65431;1994;530;14;33;15;1
65432;61;563;14;33;15;1
65433;1358;530;16;33;15;0
65435;1934;530;14;33;15;1
65436;1904;530;14;33;15;1
65437;1664;530;16;33;15;0
65438;299;563;12;33;15;0
65439;385;563;10;33;15;0
