"misaki_gothic.ttf";16;False;False;0;0;1;1
32;1021;416;1;18;8;0
33;677;470;3;18;8;2
34;97;470;7;18;8;0
35;89;470;7;18;8;0
36;81;470;7;18;8;0
37;65;470;7;18;8;0
38;9;470;7;18;8;0
39;641;470;5;18;8;0
40;581;470;5;18;8;2
41;599;470;5;18;8;0
42;805;452;7;18;8;0
43;797;452;7;18;8;0
44;617;470;5;18;8;0
45;757;452;7;18;8;0
46;673;470;3;18;8;2
47;725;452;7;18;8;0
48;717;452;7;18;8;0
49;709;452;7;18;8;0
50;701;452;7;18;8;0
51;693;452;7;18;8;0
52;685;452;7;18;8;0
53;677;452;7;18;8;0
54;669;452;7;18;8;0
55;661;452;7;18;8;0
56;321;470;7;18;8;0
57;645;452;7;18;8;0
58;669;470;3;18;8;2
59;629;470;5;18;8;0
60;621;452;7;18;8;0
61;613;452;7;18;8;0
62;605;452;7;18;8;0
63;597;452;7;18;8;0
64;589;452;7;18;8;0
65;581;452;7;18;8;0
66;573;452;7;18;8;0
67;565;452;7;18;8;0
68;557;452;7;18;8;0
69;549;452;7;18;8;0
70;541;452;7;18;8;0
71;533;452;7;18;8;0
72;525;452;7;18;8;0
73;517;452;7;18;8;0
74;509;452;7;18;8;0
75;501;452;7;18;8;0
76;493;452;7;18;8;0
77;485;452;7;18;8;0
78;477;452;7;18;8;0
79;869;452;7;18;8;0
80;893;452;7;18;8;0
81;981;452;7;18;8;0
82;17;470;7;18;8;0
83;161;470;7;18;8;0
84;193;470;7;18;8;0
85;201;470;7;18;8;0
86;313;470;7;18;8;0
87;653;452;7;18;8;0
88;749;452;7;18;8;0
89;789;452;7;18;8;0
90;829;452;7;18;8;0
91;647;470;5;18;8;2
92;853;452;7;18;8;0
93;659;470;5;18;8;0
94;305;470;7;18;8;0
95;877;452;7;18;8;0
96;653;470;5;18;8;2
97;925;452;7;18;8;0
98;941;452;7;18;8;0
99;949;452;7;18;8;0
100;957;452;7;18;8;0
101;965;452;7;18;8;0
102;973;452;7;18;8;0
103;989;452;7;18;8;0
104;329;470;7;18;8;0
105;693;470;3;18;8;2
106;569;470;5;18;8;0
107;1;470;7;18;8;0
108;635;470;5;18;8;0
109;33;470;7;18;8;0
110;41;470;7;18;8;0
111;49;470;7;18;8;0
112;57;470;7;18;8;0
113;121;470;7;18;8;0
114;129;470;7;18;8;0
115;137;470;7;18;8;0
116;145;470;7;18;8;0
117;153;470;7;18;8;0
118;169;470;7;18;8;0
119;177;470;7;18;8;0
120;217;470;7;18;8;0
121;225;470;7;18;8;0
122;233;470;7;18;8;0
123;241;470;7;18;8;0
124;665;470;3;18;8;2
125;257;470;7;18;8;0
126;265;470;7;18;8;0
215;513;20;15;18;16;0
8213;1;2;17;18;16;0
8217;623;470;5;18;16;2
8220;911;434;11;18;16;2
8221;899;434;11;18;16;2
8230;593;20;15;18;16;0
8251;609;20;15;18;16;0
8592;625;20;15;18;16;0
8593;887;434;11;18;16;2
8594;657;20;15;18;16;0
8595;875;434;11;18;16;2
8800;689;20;15;18;16;0
9675;705;20;15;18;16;0
9733;721;20;15;18;16;0
9834;863;434;11;18;16;2
9839;687;434;13;18;16;2
12288;1021;434;1;18;16;0
12289;611;470;5;18;16;0
12290;297;470;7;18;16;0
12293;715;434;13;18;16;0
12300;467;452;9;18;16;6
12301;397;452;9;18;16;0
12302;767;434;11;18;16;4
12303;755;434;11;18;16;0
12353;729;434;13;18;16;2
12354;913;20;15;18;16;0
12355;743;434;11;18;16;2
12356;945;20;15;18;16;0
12357;803;434;11;18;16;2
12358;701;434;13;18;16;2
12359;851;434;11;18;16;2
12360;673;434;13;18;16;2
12361;181;452;11;18;16;2
12362;33;38;15;18;16;0
12363;49;38;15;18;16;0
12364;65;38;15;18;16;0
12365;645;434;13;18;16;2
12366;631;434;13;18;16;2
12367;373;452;11;18;16;2
12368;349;452;11;18;16;2
12369;145;38;15;18;16;0
12370;161;38;15;18;16;0
12371;589;434;13;18;16;2
12372;575;434;13;18;16;2
12373;561;434;13;18;16;2
12374;547;434;13;18;16;2
12375;337;452;11;18;16;4
12376;325;452;11;18;16;4
12377;273;38;15;18;16;0
12378;289;38;15;18;16;0
12379;305;38;15;18;16;0
12380;321;38;15;18;16;0
12381;505;434;13;18;16;2
12382;491;434;13;18;16;2
12383;369;38;15;18;16;0
12384;385;38;15;18;16;0
12385;477;434;13;18;16;2
12386;463;434;13;18;16;2
12387;313;452;11;18;16;2
12388;449;38;15;18;16;0
12389;465;38;15;18;16;0
12390;435;434;13;18;16;2
12391;421;434;13;18;16;2
12392;407;434;13;18;16;2
12393;393;434;13;18;16;2
12394;545;38;15;18;16;0
12395;561;38;15;18;16;0
12396;577;38;15;18;16;0
12397;593;38;15;18;16;0
12398;609;38;15;18;16;0
12399;625;38;15;18;16;0
12400;641;38;15;18;16;0
12401;657;38;15;18;16;0
12402;673;38;15;18;16;0
12403;689;38;15;18;16;0
12404;705;38;15;18;16;0
12405;721;38;15;18;16;0
12406;737;38;15;18;16;0
12407;753;38;15;18;16;0
12408;769;38;15;18;16;0
12409;785;38;15;18;16;0
12410;801;38;15;18;16;0
12411;817;38;15;18;16;0
12412;833;38;15;18;16;0
12413;849;38;15;18;16;0
12414;379;434;13;18;16;2
12415;881;38;15;18;16;0
12416;897;38;15;18;16;0
12417;913;38;15;18;16;0
12418;365;434;13;18;16;2
12419;351;434;13;18;16;2
12420;961;38;15;18;16;0
12421;301;452;11;18;16;2
12422;993;38;15;18;16;0
12423;289;452;11;18;16;2
12424;309;434;13;18;16;2
12425;295;434;13;18;16;2
12426;277;452;11;18;16;2
12427;267;434;13;18;16;2
12428;81;56;15;18;16;0
12429;253;434;13;18;16;2
12430;239;434;13;18;16;2
12431;129;56;15;18;16;0
12432;145;56;15;18;16;0
12433;161;56;15;18;16;0
12434;177;56;15;18;16;0
12435;193;56;15;18;16;0
12443;457;452;9;18;16;0
12444;901;452;7;18;16;0
12449;265;452;11;18;16;2
12450;183;434;13;18;16;2
12451;253;452;11;18;16;2
12452;155;434;13;18;16;2
12453;241;452;11;18;16;2
12454;127;434;13;18;16;2
12455;229;452;11;18;16;2
12456;353;56;15;18;16;0
12457;217;452;11;18;16;2
12458;385;56;15;18;16;0
12459;85;434;13;18;16;2
12460;71;434;13;18;16;2
12461;57;434;13;18;16;2
12462;43;434;13;18;16;2
12463;29;434;13;18;16;2
12464;15;434;13;18;16;2
12465;497;56;15;18;16;0
12466;513;56;15;18;16;0
12467;1;434;13;18;16;2
12468;999;416;13;18;16;2
12469;561;56;15;18;16;0
12470;577;56;15;18;16;0
12471;985;416;13;18;16;2
12472;971;416;13;18;16;2
12473;625;56;15;18;16;0
12474;641;56;15;18;16;0
12475;657;56;15;18;16;0
12476;673;56;15;18;16;0
12477;957;416;13;18;16;2
12478;943;416;13;18;16;2
12479;929;416;13;18;16;2
12480;915;416;13;18;16;2
12481;753;56;15;18;16;0
12482;769;56;15;18;16;0
12483;205;452;11;18;16;2
12484;801;56;15;18;16;0
12485;817;56;15;18;16;0
12486;833;56;15;18;16;0
12487;849;56;15;18;16;0
12488;447;452;9;18;16;4
12489;193;452;11;18;16;4
12490;897;56;15;18;16;0
12491;913;56;15;18;16;0
12492;859;416;13;18;16;0
12493;945;56;15;18;16;0
12494;845;416;13;18;16;0
12495;977;56;15;18;16;0
12496;993;56;15;18;16;0
12497;1;74;15;18;16;0
12498;831;416;13;18;16;2
12499;817;416;13;18;16;2
12500;803;416;13;18;16;2
12501;789;416;13;18;16;2
12502;775;416;13;18;16;2
12503;761;416;13;18;16;2
12504;113;74;15;18;16;0
12505;129;74;15;18;16;0
12506;145;74;15;18;16;0
12507;161;74;15;18;16;0
12508;177;74;15;18;16;0
12509;193;74;15;18;16;0
12510;209;74;15;18;16;0
12511;169;452;11;18;16;2
12512;241;74;15;18;16;0
12513;733;416;13;18;16;0
12514;719;416;13;18;16;2
12515;157;452;11;18;16;2
12516;305;74;15;18;16;0
12517;145;452;11;18;16;2
12518;337;74;15;18;16;0
12519;437;452;9;18;16;4
12520;1009;362;13;18;16;2
12521;1009;344;13;18;16;2
12522;133;452;11;18;16;2
12523;417;74;15;18;16;0
12524;121;452;11;18;16;4
12525;1009;290;13;18;16;2
12526;109;452;11;18;16;2
12527;1009;254;13;18;16;2
12528;497;74;15;18;16;0
12529;513;74;15;18;16;0
12530;1009;236;13;18;16;2
12531;1009;218;13;18;16;2
12532;1009;200;13;18;16;2
12533;97;452;11;18;16;2
12534;85;452;11;18;16;2
12539;605;470;5;18;16;4
12540;625;74;15;18;16;0
19968;641;74;15;18;16;0
19969;657;74;15;18;16;0
19975;673;74;15;18;16;0
19976;689;74;15;18;16;0
19977;705;74;15;18;16;0
19978;721;74;15;18;16;0
19979;737;74;15;18;16;0
19981;753;74;15;18;16;0
19982;769;74;15;18;16;0
19990;785;74;15;18;16;0
20001;801;74;15;18;16;0
20006;817;74;15;18;16;0
20013;833;74;15;18;16;0
20024;849;74;15;18;16;0
20027;865;74;15;18;16;0
20037;881;74;15;18;16;0
20055;897;74;15;18;16;0
20057;913;74;15;18;16;0
20081;929;74;15;18;16;0
20083;945;74;15;18;16;0
20102;961;74;15;18;16;0
20104;977;74;15;18;16;0
20105;993;74;15;18;16;0
20107;1;92;15;18;16;0
20108;17;92;15;18;16;0
20114;33;92;15;18;16;0
20117;49;92;15;18;16;0
20123;65;92;15;18;16;0
20129;81;92;15;18;16;0
20132;97;92;15;18;16;0
20139;113;92;15;18;16;0
20154;129;92;15;18;16;0
20161;145;92;15;18;16;0
20170;161;92;15;18;16;0
20171;177;92;15;18;16;0
20181;193;92;15;18;16;0
20182;209;92;15;18;16;0
20184;225;92;15;18;16;0
20195;241;92;15;18;16;0
20196;257;92;15;18;16;0
20197;273;92;15;18;16;0
20206;289;92;15;18;16;0
20208;305;92;15;18;16;0
20210;321;92;15;18;16;0
20214;337;92;15;18;16;0
20219;353;92;15;18;16;0
20225;369;92;15;18;16;0
20241;385;92;15;18;16;0
20250;401;92;15;18;16;0
20253;417;92;15;18;16;0
20280;433;92;15;18;16;0
20284;449;92;15;18;16;0
20301;465;92;15;18;16;0
20302;481;92;15;18;16;0
20303;497;92;15;18;16;0
20307;513;92;15;18;16;0
20309;529;92;15;18;16;0
20313;545;92;15;18;16;0
20316;561;92;15;18;16;0
20351;577;92;15;18;16;0
20363;593;92;15;18;16;0
20379;609;92;15;18;16;0
20381;625;92;15;18;16;0
20385;641;92;15;18;16;0
20398;657;92;15;18;16;0
20405;673;92;15;18;16;0
20415;689;92;15;18;16;0
20418;705;92;15;18;16;0
20445;721;92;15;18;16;0
20449;737;92;15;18;16;0
20462;753;92;15;18;16;0
20467;769;92;15;18;16;0
20491;785;92;15;18;16;0
20493;801;92;15;18;16;0
20498;817;92;15;18;16;0
20505;833;92;15;18;16;0
20511;849;92;15;18;16;0
20516;865;92;15;18;16;0
20523;881;92;15;18;16;0
20534;897;92;15;18;16;0
20553;913;92;15;18;16;0
20572;929;92;15;18;16;0
20581;945;92;15;18;16;0
20596;961;92;15;18;16;0
20598;977;92;15;18;16;0
20605;993;92;15;18;16;0
20625;1;110;15;18;16;0
20633;17;110;15;18;16;0
20652;33;110;15;18;16;0
20663;49;110;15;18;16;0
20670;65;110;15;18;16;0
20685;81;110;15;18;16;0
20687;97;110;15;18;16;0
20693;113;110;15;18;16;0
20711;129;110;15;18;16;0
20736;145;110;15;18;16;0
20778;161;110;15;18;16;0
20803;177;110;15;18;16;0
20804;193;110;15;18;16;0
20805;209;110;15;18;16;0
20808;225;110;15;18;16;0
20809;241;110;15;18;16;0
20811;257;110;15;18;16;0
20813;273;110;15;18;16;0
20814;289;110;15;18;16;0
20837;305;110;15;18;16;0
20840;321;110;15;18;16;0
20844;337;110;15;18;16;0
20845;353;110;15;18;16;0
20849;369;110;15;18;16;0
20853;385;110;15;18;16;0
20855;401;110;15;18;16;0
20856;417;110;15;18;16;0
20860;433;110;15;18;16;0
20869;449;110;15;18;16;0
20877;465;110;15;18;16;0
20882;481;110;15;18;16;0
20889;497;110;15;18;16;0
20896;513;110;15;18;16;0
20908;529;110;15;18;16;0
20918;545;110;15;18;16;0
20919;561;110;15;18;16;0
20941;577;110;15;18;16;0
20957;593;110;15;18;16;0
20961;609;110;15;18;16;0
20966;625;110;15;18;16;0
20982;641;110;15;18;16;0
20986;657;110;15;18;16;0
20992;673;110;15;18;16;0
20995;689;110;15;18;16;0
20998;705;110;15;18;16;0
20999;721;110;15;18;16;0
21000;737;110;15;18;16;0
21009;753;110;15;18;16;0
21015;769;110;15;18;16;0
21021;785;110;15;18;16;0
21028;801;110;15;18;16;0
21029;817;110;15;18;16;0
21033;833;110;15;18;16;0
21038;849;110;15;18;16;0
21040;865;110;15;18;16;0
21046;881;110;15;18;16;0
21048;897;110;15;18;16;0
21050;913;110;15;18;16;0
21051;929;110;15;18;16;0
21063;945;110;15;18;16;0
21066;961;110;15;18;16;0
21069;977;110;15;18;16;0
21091;993;110;15;18;16;0
21092;1;128;15;18;16;0
21103;17;128;15;18;16;0
21106;33;128;15;18;16;0
21109;49;128;15;18;16;0
21127;65;128;15;18;16;0
21147;81;128;15;18;16;0
21151;97;128;15;18;16;0
21152;113;128;15;18;16;0
21155;129;128;15;18;16;0
21161;145;128;15;18;16;0
21162;161;128;15;18;16;0
21172;177;128;15;18;16;0
21177;193;128;15;18;16;0
21191;209;128;15;18;16;0
21193;225;128;15;18;16;0
21205;241;128;15;18;16;0
21208;257;128;15;18;16;0
21209;273;128;15;18;16;0
21213;289;128;15;18;16;0
21215;305;128;15;18;16;0
21218;321;128;15;18;16;0
21253;337;128;15;18;16;0
21270;353;128;15;18;16;0
21271;369;128;15;18;16;0
21305;385;128;15;18;16;0
21306;401;128;15;18;16;0
21307;417;128;15;18;16;0
21313;433;128;15;18;16;0
21315;449;128;15;18;16;0
21320;465;128;15;18;16;0
21322;481;128;15;18;16;0
21330;497;128;15;18;16;0
21332;513;128;15;18;16;0
21335;529;128;15;18;16;0
21336;545;128;15;18;16;0
21344;1009;128;13;18;16;2
21360;577;128;15;18;16;0
21361;593;128;15;18;16;0
21363;609;128;15;18;16;0
21364;625;128;15;18;16;0
21375;641;128;15;18;16;0
21380;657;128;15;18;16;0
21402;673;128;15;18;16;0
21407;689;128;15;18;16;0
21416;705;128;15;18;16;0
21427;721;128;15;18;16;0
21435;737;128;15;18;16;0
21442;753;128;15;18;16;0
21451;769;128;15;18;16;0
21452;785;128;15;18;16;0
21453;801;128;15;18;16;0
21454;817;128;15;18;16;0
21462;833;128;15;18;16;0
21463;849;128;15;18;16;0
21475;1009;110;13;18;16;2
21476;881;128;15;18;16;0
21477;897;128;15;18;16;0
21483;913;128;15;18;16;0
21484;929;128;15;18;16;0
21487;945;128;15;18;16;0
21488;961;128;15;18;16;0
21490;977;128;15;18;16;0
21491;993;128;15;18;16;0
21495;1;146;15;18;16;0
21496;17;146;15;18;16;0
21508;33;146;15;18;16;0
21512;49;146;15;18;16;0
21513;65;146;15;18;16;0
21516;81;146;15;18;16;0
21517;97;146;15;18;16;0
21520;113;146;15;18;16;0
21521;129;146;15;18;16;0
21531;145;146;15;18;16;0
21542;161;146;15;18;16;0
21547;177;146;15;18;16;0
21560;193;146;15;18;16;0
21561;209;146;15;18;16;0
21576;225;146;15;18;16;0
21578;241;146;15;18;16;0
21608;257;146;15;18;16;0
21610;273;146;15;18;16;0
21619;289;146;15;18;16;0
21621;305;146;15;18;16;0
21628;321;146;15;18;16;0
21629;337;146;15;18;16;0
21638;353;146;15;18;16;0
21644;369;146;15;18;16;0
21682;385;146;15;18;16;0
21697;401;146;15;18;16;0
21729;417;146;15;18;16;0
21742;433;146;15;18;16;0
21764;449;146;15;18;16;0
21807;465;146;15;18;16;0
21809;481;146;15;18;16;0
21830;497;146;15;18;16;0
21839;513;146;15;18;16;0
21892;529;146;15;18;16;0
21914;545;146;15;18;16;0
21916;561;146;15;18;16;0
21927;577;146;15;18;16;0
21942;593;146;15;18;16;0
21978;609;146;15;18;16;0
22120;625;146;15;18;16;0
22132;641;146;15;18;16;0
22234;657;146;15;18;16;0
22235;673;146;15;18;16;0
22238;689;146;15;18;16;0
22243;705;146;15;18;16;0
22256;721;146;15;18;16;0
22258;737;146;15;18;16;0
22259;753;146;15;18;16;0
22266;769;146;15;18;16;0
22269;785;146;15;18;16;0
22290;801;146;15;18;16;0
22303;817;146;15;18;16;0
22311;833;146;15;18;16;0
22312;849;146;15;18;16;0
22320;865;146;15;18;16;0
22343;881;146;15;18;16;0
22346;897;146;15;18;16;0
22402;913;146;15;18;16;0
22411;929;146;15;18;16;0
22434;945;146;15;18;16;0
22467;961;146;15;18;16;0
22475;977;146;15;18;16;0
22478;993;146;15;18;16;0
22495;1;164;15;18;16;0
22519;17;164;15;18;16;0
22522;33;164;15;18;16;0
22530;49;164;15;18;16;0
22570;65;164;15;18;16;0
22577;81;164;15;18;16;0
22580;97;164;15;18;16;0
22581;113;164;15;18;16;0
22602;129;164;15;18;16;0
22659;145;164;15;18;16;0
22675;161;164;15;18;16;0
22679;177;164;15;18;16;0
22721;193;164;15;18;16;0
22727;209;164;15;18;16;0
22730;225;164;15;18;16;0
22732;241;164;15;18;16;0
22763;257;164;15;18;16;0
22766;273;164;15;18;16;0
22768;289;164;15;18;16;0
22769;305;164;15;18;16;0
22770;321;164;15;18;16;0
22793;337;164;15;18;16;0
22799;353;164;15;18;16;0
22805;369;164;15;18;16;0
22806;385;164;15;18;16;0
22810;401;164;15;18;16;0
22812;417;164;15;18;16;0
22818;433;164;15;18;16;0
22823;449;164;15;18;16;0
22825;465;164;15;18;16;0
22826;481;164;15;18;16;0
22827;497;164;15;18;16;0
22833;513;164;15;18;16;0
22855;529;164;15;18;16;0
22856;545;164;15;18;16;0
22857;561;164;15;18;16;0
22863;577;164;15;18;16;0
22865;593;164;15;18;16;0
22885;609;164;15;18;16;0
22888;625;164;15;18;16;0
22890;641;164;15;18;16;0
22899;657;164;15;18;16;0
22909;673;164;15;18;16;0
22914;689;164;15;18;16;0
22934;705;164;15;18;16;0
22937;721;164;15;18;16;0
22949;737;164;15;18;16;0
22956;753;164;15;18;16;0
22969;769;164;15;18;16;0
22985;785;164;15;18;16;0
22987;801;164;15;18;16;0
23019;817;164;15;18;16;0
23039;833;164;15;18;16;0
23041;849;164;15;18;16;0
23064;865;164;15;18;16;0
23130;881;164;15;18;16;0
23142;897;164;15;18;16;0
23241;913;164;15;18;16;0
23244;929;164;15;18;16;0
23265;945;164;15;18;16;0
23330;961;164;15;18;16;0
23376;977;164;15;18;16;0
23380;993;164;15;18;16;0
23383;1;182;15;18;16;0
23384;17;182;15;18;16;0
23395;33;182;15;18;16;0
23396;49;182;15;18;16;0
23398;65;182;15;18;16;0
23429;81;182;15;18;16;0
23432;97;182;15;18;16;0
23433;113;182;15;18;16;0
23436;129;182;15;18;16;0
23448;145;182;15;18;16;0
23450;161;182;15;18;16;0
23453;177;182;15;18;16;0
23455;193;182;15;18;16;0
23458;209;182;15;18;16;0
23459;225;182;15;18;16;0
23460;241;182;15;18;16;0
23470;257;182;15;18;16;0
23475;273;182;15;18;16;0
23478;289;182;15;18;16;0
23481;305;182;15;18;16;0
23487;321;182;15;18;16;0
23492;337;182;15;18;16;0
23494;353;182;15;18;16;0
23500;369;182;15;18;16;0
23506;385;182;15;18;16;0
23515;401;182;15;18;16;0
23517;417;182;15;18;16;0
23519;433;182;15;18;16;0
23529;449;182;15;18;16;0
23534;465;182;15;18;16;0
23550;481;182;15;18;16;0
23553;497;182;15;18;16;0
23554;513;182;15;18;16;0
23556;529;182;15;18;16;0
23562;545;182;15;18;16;0
23566;561;182;15;18;16;0
23567;577;182;15;18;16;0
23569;593;182;15;18;16;0
23601;609;182;15;18;16;0
23613;625;182;15;18;16;0
23616;641;182;15;18;16;0
23621;657;182;15;18;16;0
23624;673;182;15;18;16;0
23626;689;182;15;18;16;0
23627;705;182;15;18;16;0
23637;721;182;15;18;16;0
23646;737;182;15;18;16;0
23652;753;182;15;18;16;0
23653;769;182;15;18;16;0
23665;785;182;15;18;16;0
23721;801;182;15;18;16;0
23724;817;182;15;18;16;0
23769;833;182;15;18;16;0
23798;849;182;15;18;16;0
23815;865;182;15;18;16;0
23849;881;182;15;18;16;0
23888;897;182;15;18;16;0
24029;913;182;15;18;16;0
24035;929;182;15;18;16;0
24037;945;182;15;18;16;0
24038;961;182;15;18;16;0
24040;977;182;15;18;16;0
24046;993;182;15;18;16;0
24049;1;200;15;18;16;0
24059;17;200;15;18;16;0
24066;33;200;15;18;16;0
24067;49;200;15;18;16;0
24076;65;200;15;18;16;0
24093;81;200;15;18;16;0
24107;97;200;15;18;16;0
24109;113;200;15;18;16;0
24111;129;200;15;18;16;0
24112;145;200;15;18;16;0
24115;161;200;15;18;16;0
24120;177;200;15;18;16;0
24125;193;200;15;18;16;0
24133;209;200;15;18;16;0
24149;225;200;15;18;16;0
24178;241;200;15;18;16;0
24179;257;200;15;18;16;0
24180;273;200;15;18;16;0
24184;289;200;15;18;16;0
24187;305;200;15;18;16;0
24188;321;200;15;18;16;0
24190;337;200;15;18;16;0
24195;353;200;15;18;16;0
24202;369;200;15;18;16;0
24207;385;200;15;18;16;0
24213;401;200;15;18;16;0
24215;417;200;15;18;16;0
24230;433;200;15;18;16;0
24231;449;200;15;18;16;0
24235;465;200;15;18;16;0
24237;481;200;15;18;16;0
24247;497;200;15;18;16;0
24259;513;200;15;18;16;0
24310;529;200;15;18;16;0
24311;545;200;15;18;16;0
24314;561;200;15;18;16;0
24330;577;200;15;18;16;0
24335;593;200;15;18;16;0
24336;609;200;15;18;16;0
24341;625;200;15;18;16;0
24351;641;200;15;18;16;0
24358;657;200;15;18;16;0
24369;673;200;15;18;16;0
24373;689;200;15;18;16;0
24375;705;200;15;18;16;0
24382;721;200;15;18;16;0
24403;1009;92;13;18;16;2
24418;753;200;15;18;16;0
24425;769;200;15;18;16;0
24427;785;200;15;18;16;0
24432;801;200;15;18;16;0
24433;817;200;15;18;16;0
24441;833;200;15;18;16;0
24444;849;200;15;18;16;0
24449;865;200;15;18;16;0
24453;881;200;15;18;16;0
24459;897;200;15;18;16;0
24460;913;200;15;18;16;0
24467;929;200;15;18;16;0
24471;945;200;15;18;16;0
24481;961;200;15;18;16;0
24489;977;200;15;18;16;0
24499;993;200;15;18;16;0
24500;1;218;15;18;16;0
24515;17;218;15;18;16;0
24517;33;218;15;18;16;0
24525;49;218;15;18;16;0
24535;65;218;15;18;16;0
24536;81;218;15;18;16;0
24537;97;218;15;18;16;0
24540;113;218;15;18;16;0
24544;129;218;15;18;16;0
24555;145;218;15;18;16;0
24565;161;218;15;18;16;0
24594;177;218;15;18;16;0
24598;193;218;15;18;16;0
24605;209;218;15;18;16;0
24613;225;218;15;18;16;0
24615;241;218;15;18;16;0
24618;257;218;15;18;16;0
24651;273;218;15;18;16;0
24653;289;218;15;18;16;0
24656;305;218;15;18;16;0
24677;321;218;15;18;16;0
24680;337;218;15;18;16;0
24681;353;218;15;18;16;0
24687;369;218;15;18;16;0
24693;385;218;15;18;16;0
24724;401;218;15;18;16;0
24735;417;218;15;18;16;0
24745;433;218;15;18;16;0
24746;449;218;15;18;16;0
24754;465;218;15;18;16;0
24773;481;218;15;18;16;0
24785;497;218;15;18;16;0
24794;513;218;15;18;16;0
24796;529;218;15;18;16;0
24808;545;218;15;18;16;0
24819;561;218;15;18;16;0
24841;577;218;15;18;16;0
24847;593;218;15;18;16;0
24858;609;218;15;18;16;0
24859;625;218;15;18;16;0
24863;641;218;15;18;16;0
24904;657;218;15;18;16;0
24907;673;218;15;18;16;0
24931;689;218;15;18;16;0
24942;705;218;15;18;16;0
24974;721;218;15;18;16;0
25014;737;218;15;18;16;0
25040;753;218;15;18;16;0
25074;769;218;15;18;16;0
25104;785;218;15;18;16;0
25105;801;218;15;18;16;0
25106;817;218;15;18;16;0
25126;833;218;15;18;16;0
25151;849;218;15;18;16;0
25152;865;218;15;18;16;0
25161;881;218;15;18;16;0
25163;897;218;15;18;16;0
25165;913;218;15;18;16;0
25171;929;218;15;18;16;0
25173;945;218;15;18;16;0
25201;961;218;15;18;16;0
25215;977;218;15;18;16;0
25216;993;218;15;18;16;0
25226;1;236;15;18;16;0
25233;17;236;15;18;16;0
25237;33;236;15;18;16;0
25239;49;236;15;18;16;0
25240;65;236;15;18;16;0
25244;81;236;15;18;16;0
25246;97;236;15;18;16;0
25259;113;236;15;18;16;0
25265;129;236;15;18;16;0
25269;145;236;15;18;16;0
25273;161;236;15;18;16;0
25276;177;236;15;18;16;0
25285;193;236;15;18;16;0
25293;209;236;15;18;16;0
25296;225;236;15;18;16;0
25298;241;236;15;18;16;0
25303;257;236;15;18;16;0
25307;273;236;15;18;16;0
25309;289;236;15;18;16;0
25312;305;236;15;18;16;0
25313;321;236;15;18;16;0
25335;337;236;15;18;16;0
25342;353;236;15;18;16;0
25345;369;236;15;18;16;0
25351;385;236;15;18;16;0
25361;401;236;15;18;16;0
25369;417;236;15;18;16;0
25387;433;236;15;18;16;0
25391;449;236;15;18;16;0
25429;465;236;15;18;16;0
25436;481;236;15;18;16;0
25448;497;236;15;18;16;0
25475;513;236;15;18;16;0
25480;529;236;15;18;16;0
25490;545;236;15;18;16;0
25496;561;236;15;18;16;0
25499;577;236;15;18;16;0
25505;593;236;15;18;16;0
25506;609;236;15;18;16;0
25509;625;236;15;18;16;0
25512;641;236;15;18;16;0
25522;657;236;15;18;16;0
25551;673;236;15;18;16;0
25552;689;236;15;18;16;0
25563;705;236;15;18;16;0
25569;721;236;15;18;16;0
25582;737;236;15;18;16;0
25588;753;236;15;18;16;0
25594;769;236;15;18;16;0
25613;785;236;15;18;16;0
25666;801;236;15;18;16;0
25705;817;236;15;18;16;0
25731;833;236;15;18;16;0
25764;849;236;15;18;16;0
25774;865;236;15;18;16;0
25793;881;236;15;18;16;0
25805;897;236;15;18;16;0
25903;913;236;15;18;16;0
25913;929;236;15;18;16;0
25915;945;236;15;18;16;0
25918;961;236;15;18;16;0
25919;977;236;15;18;16;0
25925;993;236;15;18;16;0
25935;1;254;15;18;16;0
25937;17;254;15;18;16;0
25943;33;254;15;18;16;0
25945;49;254;15;18;16;0
25954;65;254;15;18;16;0
25955;81;254;15;18;16;0
25964;97;254;15;18;16;0
25968;113;254;15;18;16;0
25972;129;254;15;18;16;0
25973;145;254;15;18;16;0
25975;161;254;15;18;16;0
25991;177;254;15;18;16;0
26007;193;254;15;18;16;0
26009;209;254;15;18;16;0
26023;225;254;15;18;16;0
26029;241;254;15;18;16;0
26032;257;254;15;18;16;0
26041;273;254;15;18;16;0
26053;289;254;15;18;16;0
26059;305;254;15;18;16;0
26063;321;254;15;18;16;0
26082;337;254;15;18;16;0
26085;1009;74;13;18;16;2
26089;369;254;15;18;16;0
26118;385;254;15;18;16;0
26119;401;254;15;18;16;0
26126;417;254;15;18;16;0
26132;529;20;15;18;16;0
26143;449;254;15;18;16;0
26144;465;254;15;18;16;0
26149;481;254;15;18;16;0
26151;497;254;15;18;16;0
26152;513;254;15;18;16;0
26172;529;254;15;18;16;0
26178;545;254;15;18;16;0
26217;561;254;15;18;16;0
26222;577;254;15;18;16;0
26223;593;254;15;18;16;0
26228;609;254;15;18;16;0
26230;625;254;15;18;16;0
26247;641;254;15;18;16;0
26257;657;254;15;18;16;0
26262;673;254;15;18;16;0
26263;689;254;15;18;16;0
26286;705;254;15;18;16;0
26292;721;254;15;18;16;0
26311;737;254;15;18;16;0
26332;753;254;15;18;16;0
26354;769;254;15;18;16;0
26356;785;254;15;18;16;0
26360;801;254;15;18;16;0
26367;817;254;15;18;16;0
26368;833;254;15;18;16;0
26376;849;254;15;18;16;0
26377;865;254;15;18;16;0
26381;881;254;15;18;16;0
26391;897;254;15;18;16;0
26395;913;254;15;18;16;0
26397;929;254;15;18;16;0
26399;945;254;15;18;16;0
26408;961;254;15;18;16;0
26410;977;254;15;18;16;0
26411;993;254;15;18;16;0
26412;1;272;15;18;16;0
26413;17;272;15;18;16;0
26429;33;272;15;18;16;0
26441;49;272;15;18;16;0
26448;65;272;15;18;16;0
26463;81;272;15;18;16;0
26465;97;272;15;18;16;0
26469;113;272;15;18;16;0
26479;129;272;15;18;16;0
26481;145;272;15;18;16;0
26495;161;272;15;18;16;0
26512;177;272;15;18;16;0
26517;193;272;15;18;16;0
26522;209;272;15;18;16;0
26524;225;272;15;18;16;0
26525;241;272;15;18;16;0
26528;257;272;15;18;16;0
26543;273;272;15;18;16;0
26564;289;272;15;18;16;0
26576;305;272;15;18;16;0
26579;321;272;15;18;16;0
26609;337;272;15;18;16;0
26613;353;272;15;18;16;0
26619;369;272;15;18;16;0
26628;385;272;15;18;16;0
26657;401;272;15;18;16;0
26666;417;272;15;18;16;0
26680;433;272;15;18;16;0
26681;449;272;15;18;16;0
26684;465;272;15;18;16;0
26696;481;272;15;18;16;0
26800;497;272;15;18;16;0
26820;513;272;15;18;16;0
26834;529;272;15;18;16;0
26842;545;272;15;18;16;0
26862;561;272;15;18;16;0
26866;577;272;15;18;16;0
26908;593;272;15;18;16;0
26989;609;272;15;18;16;0
26997;625;272;15;18;16;0
27005;641;272;15;18;16;0
27083;657;272;15;18;16;0
27096;673;272;15;18;16;0
27161;689;272;15;18;16;0
27169;705;272;15;18;16;0
27177;721;272;15;18;16;0
27178;737;272;15;18;16;0
27193;753;272;15;18;16;0
27211;769;272;15;18;16;0
27231;785;272;15;18;16;0
27396;801;272;15;18;16;0
27424;817;272;15;18;16;0
27425;833;272;15;18;16;0
27442;849;272;15;18;16;0
27468;865;272;15;18;16;0
27475;881;272;15;18;16;0
27490;897;272;15;18;16;0
27491;913;272;15;18;16;0
27492;929;272;15;18;16;0
27494;945;272;15;18;16;0
27497;961;272;15;18;16;0
27503;977;272;15;18;16;0
27507;993;272;15;18;16;0
27508;1;290;15;18;16;0
27515;17;290;15;18;16;0
27530;33;290;15;18;16;0
27531;49;290;15;18;16;0
27572;65;290;15;18;16;0
27573;81;290;15;18;16;0
27578;97;290;15;18;16;0
27579;113;290;15;18;16;0
27583;129;290;15;18;16;0
27597;145;290;15;18;16;0
27598;161;290;15;18;16;0
27602;177;290;15;18;16;0
27604;193;290;15;18;16;0
27611;209;290;15;18;16;0
27663;225;290;15;18;16;0
27665;241;290;15;18;16;0
27671;257;290;15;18;16;0
27700;273;290;15;18;16;0
27703;289;290;15;18;16;0
27704;305;290;15;18;16;0
27713;321;290;15;18;16;0
27714;337;290;15;18;16;0
27735;353;290;15;18;16;0
27738;369;290;15;18;16;0
27744;385;290;15;18;16;0
27770;401;290;15;18;16;0
27784;417;290;15;18;16;0
27788;433;290;15;18;16;0
27809;449;290;15;18;16;0
27833;465;290;15;18;16;0
27835;481;290;15;18;16;0
27836;497;290;15;18;16;0
27841;513;290;15;18;16;0
27849;529;290;15;18;16;0
27850;545;290;15;18;16;0
27861;561;290;15;18;16;0
27873;577;290;15;18;16;0
27874;593;290;15;18;16;0
27875;609;290;15;18;16;0
27880;625;290;15;18;16;0
27888;641;290;15;18;16;0
27891;657;290;15;18;16;0
27915;673;290;15;18;16;0
27927;689;290;15;18;16;0
27934;705;290;15;18;16;0
27963;721;290;15;18;16;0
27966;737;290;15;18;16;0
27969;753;290;15;18;16;0
27972;769;290;15;18;16;0
28014;785;290;15;18;16;0
28020;801;290;15;18;16;0
28023;817;290;15;18;16;0
28024;833;290;15;18;16;0
28040;849;290;15;18;16;0
28057;865;290;15;18;16;0
28082;881;290;15;18;16;0
28129;897;290;15;18;16;0
28145;913;290;15;18;16;0
28149;929;290;15;18;16;0
28151;945;290;15;18;16;0
28155;961;290;15;18;16;0
28165;977;290;15;18;16;0
28168;993;290;15;18;16;0
28171;1;308;15;18;16;0
28187;17;308;15;18;16;0
28193;33;308;15;18;16;0
28201;49;308;15;18;16;0
28204;65;308;15;18;16;0
28207;81;308;15;18;16;0
28246;97;308;15;18;16;0
28271;113;308;15;18;16;0
28287;129;308;15;18;16;0
28288;145;308;15;18;16;0
28304;161;308;15;18;16;0
28310;177;308;15;18;16;0
28342;193;308;15;18;16;0
28357;209;308;15;18;16;0
28382;225;308;15;18;16;0
28436;241;308;15;18;16;0
28448;257;308;15;18;16;0
28450;273;308;15;18;16;0
28500;289;308;15;18;16;0
28608;305;308;15;18;16;0
28611;321;308;15;18;16;0
28655;337;308;15;18;16;0
28734;353;308;15;18;16;0
28779;369;308;15;18;16;0
28783;385;308;15;18;16;0
28797;401;308;15;18;16;0
28814;417;308;15;18;16;0
28857;433;308;15;18;16;0
28858;449;308;15;18;16;0
28872;465;308;15;18;16;0
28937;481;308;15;18;16;0
28961;497;308;15;18;16;0
28966;513;308;15;18;16;0
28982;529;308;15;18;16;0
28988;545;308;15;18;16;0
29017;561;308;15;18;16;0
29031;577;308;15;18;16;0
29038;593;308;15;18;16;0
29087;609;308;15;18;16;0
29105;625;308;15;18;16;0
29123;641;308;15;18;16;0
29190;657;308;15;18;16;0
29211;673;308;15;18;16;0
29238;689;308;15;18;16;0
29255;705;308;15;18;16;0
29256;721;308;15;18;16;0
29275;737;308;15;18;16;0
29282;753;308;15;18;16;0
29287;769;308;15;18;16;0
29289;785;308;15;18;16;0
29305;801;308;15;18;16;0
29359;817;308;15;18;16;0
29366;833;308;15;18;16;0
29401;849;308;15;18;16;0
29420;865;308;15;18;16;0
29421;881;308;15;18;16;0
29467;897;308;15;18;16;0
29483;913;308;15;18;16;0
29486;929;308;15;18;16;0
29508;945;308;15;18;16;0
29539;961;308;15;18;16;0
29554;977;308;15;18;16;0
29572;993;308;15;18;16;0
29575;1;326;15;18;16;0
29577;17;326;15;18;16;0
29579;33;326;15;18;16;0
29694;49;326;15;18;16;0
29699;65;326;15;18;16;0
29702;81;326;15;18;16;0
29872;97;326;15;18;16;0
29976;113;326;15;18;16;0
29983;129;326;15;18;16;0
29987;145;326;15;18;16;0
29992;161;326;15;18;16;0
30001;177;326;15;18;16;0
30003;193;326;15;18;16;0
30007;209;326;15;18;16;0
30010;225;326;15;18;16;0
30011;241;326;15;18;16;0
30028;257;326;15;18;16;0
30033;273;326;15;18;16;0
30053;289;326;15;18;16;0
30058;305;326;15;18;16;0
30064;321;326;15;18;16;0
30094;337;326;15;18;16;0
30097;353;326;15;18;16;0
30130;369;326;15;18;16;0
30149;385;326;15;18;16;0
30151;401;326;15;18;16;0
30171;417;326;15;18;16;0
30274;433;326;15;18;16;0
30330;449;326;15;18;16;0
30331;465;326;15;18;16;0
30333;1009;38;13;18;16;2
30334;497;326;15;18;16;0
30340;513;326;15;18;16;0
30342;529;326;15;18;16;0
30382;545;326;15;18;16;0
30399;561;326;15;18;16;0
30406;577;326;15;18;16;0
30423;593;326;15;18;16;0
30427;609;326;15;18;16;0
30435;625;326;15;18;16;0
30436;641;326;15;18;16;0
30446;1009;20;13;18;16;2
30452;673;326;15;18;16;0
30456;689;326;15;18;16;0
30465;705;326;15;18;16;0
30475;721;326;15;18;16;0
30495;737;326;15;18;16;0
30496;753;326;15;18;16;0
30519;769;326;15;18;16;0
30522;785;326;15;18;16;0
30528;801;326;15;18;16;0
30636;817;326;15;18;16;0
30643;833;326;15;18;16;0
30690;849;326;15;18;16;0
30693;865;326;15;18;16;0
30701;881;326;15;18;16;0
30707;897;326;15;18;16;0
30722;913;326;15;18;16;0
30740;929;326;15;18;16;0
30741;945;326;15;18;16;0
30770;961;326;15;18;16;0
30772;977;326;15;18;16;0
30828;993;326;15;18;16;0
30906;1;344;15;18;16;0
30913;17;344;15;18;16;0
30952;33;344;15;18;16;0
30990;49;344;15;18;16;0
31034;65;344;15;18;16;0
31036;81;344;15;18;16;0
31038;97;344;15;18;16;0
31048;113;344;15;18;16;0
31069;129;344;15;18;16;0
31070;145;344;15;18;16;0
31085;161;344;15;18;16;0
31105;177;344;15;18;16;0
31119;193;344;15;18;16;0
31168;209;344;15;18;16;0
31169;225;344;15;18;16;0
31185;241;344;15;18;16;0
31186;257;344;15;18;16;0
31192;273;344;15;18;16;0
31209;289;344;15;18;16;0
31216;305;344;15;18;16;0
31227;321;344;15;18;16;0
31243;337;344;15;18;16;0
31246;353;344;15;18;16;0
31278;369;344;15;18;16;0
31292;385;344;15;18;16;0
31295;401;344;15;18;16;0
31309;417;344;15;18;16;0
31311;433;344;15;18;16;0
31348;449;344;15;18;16;0
31350;465;344;15;18;16;0
31354;481;344;15;18;16;0
31361;497;344;15;18;16;0
31379;513;344;15;18;16;0
31391;529;344;15;18;16;0
31435;545;344;15;18;16;0
31452;561;344;15;18;16;0
31461;577;344;15;18;16;0
31471;593;344;15;18;16;0
31478;609;344;15;18;16;0
31505;625;344;15;18;16;0
31526;641;344;15;18;16;0
31532;657;344;15;18;16;0
31561;673;344;15;18;16;0
31563;689;344;15;18;16;0
31568;705;344;15;18;16;0
31572;721;344;15;18;16;0
31574;737;344;15;18;16;0
31639;753;344;15;18;16;0
31649;769;344;15;18;16;0
31665;785;344;15;18;16;0
31680;801;344;15;18;16;0
31684;817;344;15;18;16;0
31689;833;344;15;18;16;0
31777;849;344;15;18;16;0
31807;865;344;15;18;16;0
31881;881;344;15;18;16;0
31934;897;344;15;18;16;0
31958;913;344;15;18;16;0
31992;929;344;15;18;16;0
31995;945;344;15;18;16;0
32004;961;344;15;18;16;0
32013;977;344;15;18;16;0
32020;993;344;15;18;16;0
32025;1;362;15;18;16;0
32026;17;362;15;18;16;0
32027;33;362;15;18;16;0
32032;49;362;15;18;16;0
32034;65;362;15;18;16;0
32047;81;362;15;18;16;0
32048;97;362;15;18;16;0
32051;113;362;15;18;16;0
32057;129;362;15;18;16;0
32066;145;362;15;18;16;0
32068;161;362;15;18;16;0
32070;177;362;15;18;16;0
32076;193;362;15;18;16;0
32080;209;362;15;18;16;0
32097;225;362;15;18;16;0
32098;241;362;15;18;16;0
32102;257;362;15;18;16;0
32113;273;362;15;18;16;0
32117;289;362;15;18;16;0
32118;305;362;15;18;16;0
32153;321;362;15;18;16;0
32154;337;362;15;18;16;0
32173;353;362;15;18;16;0
32191;369;362;15;18;16;0
32202;385;362;15;18;16;0
32209;401;362;15;18;16;0
32210;417;362;15;18;16;0
32218;433;362;15;18;16;0
32232;449;362;15;18;16;0
32244;465;362;15;18;16;0
32257;481;362;15;18;16;0
32260;497;362;15;18;16;0
32283;513;362;15;18;16;0
32294;529;362;15;18;16;0
32302;545;362;15;18;16;0
32318;561;362;15;18;16;0
32321;577;362;15;18;16;0
32566;593;362;15;18;16;0
32618;609;362;15;18;16;0
32622;625;362;15;18;16;0
32624;641;362;15;18;16;0
32626;657;362;15;18;16;0
32645;673;362;15;18;16;0
32650;689;362;15;18;16;0
32654;705;362;15;18;16;0
32676;721;362;15;18;16;0
32680;737;362;15;18;16;0
32681;753;362;15;18;16;0
32701;769;362;15;18;16;0
32722;785;362;15;18;16;0
32763;801;362;15;18;16;0
32764;817;362;15;18;16;0
32769;833;362;15;18;16;0
32771;849;362;15;18;16;0
32773;865;362;15;18;16;0
32784;881;362;15;18;16;0
32819;897;362;15;18;16;0
32854;913;362;15;18;16;0
32862;929;362;15;18;16;0
32884;945;362;15;18;16;0
32887;961;362;15;18;16;0
32902;977;362;15;18;16;0
32905;993;362;15;18;16;0
32908;1;380;15;18;16;0
32925;17;380;15;18;16;0
32930;33;380;15;18;16;0
32937;49;380;15;18;16;0
32946;65;380;15;18;16;0
32963;81;380;15;18;16;0
32966;97;380;15;18;16;0
32972;113;380;15;18;16;0
32990;129;380;15;18;16;0
33012;145;380;15;18;16;0
33016;161;380;15;18;16;0
33021;177;380;15;18;16;0
33026;193;380;15;18;16;0
33032;209;380;15;18;16;0
33050;225;380;15;18;16;0
33073;241;380;15;18;16;0
33075;257;380;15;18;16;0
33104;273;380;15;18;16;0
33109;289;380;15;18;16;0
33136;305;380;15;18;16;0
33144;321;380;15;18;16;0
33145;337;380;15;18;16;0
33192;353;380;15;18;16;0
33222;369;380;15;18;16;0
33235;385;380;15;18;16;0
33251;401;380;15;18;16;0
33256;417;380;15;18;16;0
33258;659;434;13;18;16;2
33261;449;380;15;18;16;0
33267;465;380;15;18;16;0
33268;481;380;15;18;16;0
33288;497;380;15;18;16;0
33292;513;380;15;18;16;0
33310;529;380;15;18;16;0
33337;545;380;15;18;16;0
33391;561;380;15;18;16;0
33394;577;380;15;18;16;0
33455;593;380;15;18;16;0
33457;609;380;15;18;16;0
33464;625;380;15;18;16;0
33509;641;380;15;18;16;0
33510;657;380;15;18;16;0
33521;673;380;15;18;16;0
33590;689;380;15;18;16;0
33609;705;380;15;18;16;0
33618;721;380;15;18;16;0
33624;737;380;15;18;16;0
33655;753;380;15;18;16;0
33747;769;380;15;18;16;0
33775;785;380;15;18;16;0
33853;801;380;15;18;16;0
33865;817;380;15;18;16;0
33900;833;380;15;18;16;0
33988;849;380;15;18;16;0
34101;865;380;15;18;16;0
34180;881;380;15;18;16;0
34220;897;380;15;18;16;0
34384;913;380;15;18;16;0
34394;929;380;15;18;16;0
34411;945;380;15;18;16;0
34509;961;380;15;18;16;0
34521;977;380;15;18;16;0
34542;993;380;15;18;16;0
34678;1;398;15;18;16;0
34701;17;398;15;18;16;0
34880;33;398;15;18;16;0
34886;49;398;15;18;16;0
34892;65;398;15;18;16;0
34899;81;398;15;18;16;0
34903;97;398;15;18;16;0
34909;113;398;15;18;16;0
34913;129;398;15;18;16;0
34915;145;398;15;18;16;0
34920;161;398;15;18;16;0
34955;177;398;15;18;16;0
34987;193;398;15;18;16;0
35009;209;398;15;18;16;0
35010;225;398;15;18;16;0
35013;241;398;15;18;16;0
35023;257;398;15;18;16;0
35029;273;398;15;18;16;0
35036;289;398;15;18;16;0
35069;305;398;15;18;16;0
35079;321;398;15;18;16;0
35090;337;398;15;18;16;0
35186;353;398;15;18;16;0
35199;369;398;15;18;16;0
35201;385;398;15;18;16;0
35206;401;398;15;18;16;0
35207;417;398;15;18;16;0
35211;433;398;15;18;16;0
35215;449;398;15;18;16;0
35222;465;398;15;18;16;0
35226;481;398;15;18;16;0
35239;497;398;15;18;16;0
35242;513;398;15;18;16;0
35251;529;398;15;18;16;0
35282;545;398;15;18;16;0
35299;561;398;15;18;16;0
35302;577;398;15;18;16;0
35328;593;398;15;18;16;0
35336;609;398;15;18;16;0
35342;625;398;15;18;16;0
35347;641;398;15;18;16;0
35352;657;398;15;18;16;0
35370;673;398;15;18;16;0
35373;689;398;15;18;16;0
35377;705;398;15;18;16;0
35379;721;398;15;18;16;0
35382;737;398;15;18;16;0
35386;753;398;15;18;16;0
35388;769;398;15;18;16;0
35413;785;398;15;18;16;0
35422;801;398;15;18;16;0
35430;817;398;15;18;16;0
35433;833;398;15;18;16;0
35440;849;398;15;18;16;0
35441;865;398;15;18;16;0
35463;881;398;15;18;16;0
35465;897;398;15;18;16;0
35469;913;398;15;18;16;0
35475;929;398;15;18;16;0
35477;945;398;15;18;16;0
35480;961;398;15;18;16;0
35486;977;398;15;18;16;0
35488;993;398;15;18;16;0
35492;1;416;15;18;16;0
35500;17;416;15;18;16;0
35501;33;416;15;18;16;0
35504;49;416;15;18;16;0
35506;65;416;15;18;16;0
35519;81;416;15;18;16;0
35527;97;416;15;18;16;0
35531;113;416;15;18;16;0
35576;129;416;15;18;16;0
35582;145;416;15;18;16;0
35611;161;416;15;18;16;0
35613;177;416;15;18;16;0
35617;193;416;15;18;16;0
35635;209;416;15;18;16;0
35672;225;416;15;18;16;0
35686;241;416;15;18;16;0
35696;257;416;15;18;16;0
35703;273;416;15;18;16;0
35895;289;416;15;18;16;0
35914;305;416;15;18;16;0
35937;321;416;15;18;16;0
35946;337;416;15;18;16;0
35997;353;416;15;18;16;0
36000;369;416;15;18;16;0
36001;385;416;15;18;16;0
36002;401;416;15;18;16;0
36008;417;416;15;18;16;0
36009;433;416;15;18;16;0
36011;449;416;15;18;16;0
36012;465;416;15;18;16;0
36015;481;416;15;18;16;0
36020;497;416;15;18;16;0
36023;513;416;15;18;16;0
36024;529;416;15;18;16;0
36027;545;416;15;18;16;0
36028;561;416;15;18;16;0
36039;577;416;15;18;16;0
36042;593;416;15;18;16;0
36059;609;416;15;18;16;0
36060;625;416;15;18;16;0
36062;641;416;15;18;16;0
36066;657;416;15;18;16;0
36074;673;416;15;18;16;0
36077;433;380;15;18;16;0
36092;657;326;15;18;16;0
36104;481;326;15;18;16;0
36196;433;254;15;18;16;0
36198;353;254;15;18;16;0
36208;737;200;15;18;16;0
36215;865;128;15;18;16;0
36229;561;128;15;18;16;0
36234;609;74;15;18;16;0
36259;593;74;15;18;16;0
36275;577;74;15;18;16;0
36321;561;74;15;18;16;0
36335;545;74;15;18;16;0
36362;529;74;15;18;16;0
36367;481;74;15;18;16;0
36468;465;74;15;18;16;0
36523;449;74;15;18;16;0
36554;433;74;15;18;16;0
36557;401;74;15;18;16;0
36562;385;74;15;18;16;0
36578;369;74;15;18;16;0
36605;353;74;15;18;16;0
36617;321;74;15;18;16;0
36637;289;74;15;18;16;0
36649;273;74;15;18;16;0
36650;257;74;15;18;16;0
36763;225;74;15;18;16;0
36766;97;74;15;18;16;0
36785;81;74;15;18;16;0
36794;65;74;15;18;16;0
36795;49;74;15;18;16;0
36796;33;74;15;18;16;0
36805;17;74;15;18;16;0
36814;961;56;15;18;16;0
36817;929;56;15;18;16;0
36820;881;56;15;18;16;0
36843;865;56;15;18;16;0
36855;785;56;15;18;16;0
36861;737;56;15;18;16;0
36864;721;56;15;18;16;0
36865;705;56;15;18;16;0
36867;689;56;15;18;16;0
36870;609;56;15;18;16;0
36884;593;56;15;18;16;0
36890;545;56;15;18;16;0
36895;529;56;15;18;16;0
36896;481;56;15;18;16;0
36899;465;56;15;18;16;0
36913;449;56;15;18;16;0
36914;433;56;15;18;16;0
36930;417;56;15;18;16;0
36933;401;56;15;18;16;0
36935;369;56;15;18;16;0
36938;337;56;15;18;16;0
36939;321;56;15;18;16;0
36942;305;56;15;18;16;0
36947;289;56;15;18;16;0
36948;273;56;15;18;16;0
36949;257;56;15;18;16;0
36960;241;56;15;18;16;0
36969;225;56;15;18;16;0
36973;209;56;15;18;16;0
36984;113;56;15;18;16;0
36991;97;56;15;18;16;0
37034;65;56;15;18;16;0
37048;49;56;15;18;16;0
37070;33;56;15;18;16;0
37096;17;56;15;18;16;0
37117;1;56;15;18;16;0
37197;977;38;15;18;16;0
37228;945;38;15;18;16;0
37237;929;38;15;18;16;0
37239;865;38;15;18;16;0
37240;529;38;15;18;16;0
37266;513;38;15;18;16;0
37325;497;38;15;18;16;0
37326;481;38;15;18;16;0
37327;433;38;15;18;16;0
37329;417;38;15;18;16;0
37341;401;38;15;18;16;0
37347;353;38;15;18;16;0
37504;337;38;15;18;16;0
37507;257;38;15;18;16;0
37549;241;38;15;18;16;0
37624;225;38;15;18;16;0
37628;209;38;15;18;16;0
37682;193;38;15;18;16;0
37723;177;38;15;18;16;0
37782;129;38;15;18;16;0
37799;113;38;15;18;16;0
37857;97;38;15;18;16;0
37969;81;38;15;18;16;0
38263;17;38;15;18;16;0
38272;1;38;15;18;16;0
38281;993;20;15;18;16;0
38283;977;20;15;18;16;0
38289;961;20;15;18;16;0
38291;929;20;15;18;16;0
38306;897;20;15;18;16;0
38343;881;20;15;18;16;0
38360;865;20;15;18;16;0
38450;849;20;15;18;16;0
38459;833;20;15;18;16;0
38477;817;20;15;18;16;0
38480;801;20;15;18;16;0
38491;785;20;15;18;16;0
38499;769;20;15;18;16;0
38500;753;20;15;18;16;0
38501;737;20;15;18;16;0
38512;673;20;15;18;16;0
38522;641;20;15;18;16;0
38525;577;20;15;18;16;0
38538;561;20;15;18;16;0
38542;545;20;15;18;16;0
38543;497;20;15;18;16;0
38548;481;20;15;18;16;0
38555;465;20;15;18;16;0
38556;449;20;15;18;16;0
38560;433;20;15;18;16;0
38596;417;20;15;18;16;0
38597;401;20;15;18;16;0
38598;385;20;15;18;16;0
38599;369;20;15;18;16;0
38604;353;20;15;18;16;0
38609;337;20;15;18;16;0
38626;321;20;15;18;16;0
38627;305;20;15;18;16;0
38632;289;20;15;18;16;0
38634;273;20;15;18;16;0
38640;257;20;15;18;16;0
38642;241;20;15;18;16;0
38647;225;20;15;18;16;0
38651;209;20;15;18;16;0
38656;193;20;15;18;16;0
38684;177;20;15;18;16;0
38695;161;20;15;18;16;0
38706;145;20;15;18;16;0
38738;129;20;15;18;16;0
38745;113;20;15;18;16;0
38750;97;20;15;18;16;0
38754;81;20;15;18;16;0
38761;65;20;15;18;16;0
38899;49;20;15;18;16;0
38911;33;20;15;18;16;0
38915;17;20;15;18;16;0
38917;1;20;15;18;16;0
38918;995;2;15;18;16;0
38920;979;2;15;18;16;0
38928;963;2;15;18;16;0
38929;947;2;15;18;16;0
38936;931;2;15;18;16;0
38957;915;2;15;18;16;0
38972;899;2;15;18;16;0
38988;883;2;15;18;16;0
38989;867;2;15;18;16;0
38996;851;2;15;18;16;0
39000;835;2;15;18;16;0
39006;819;2;15;18;16;0
39015;803;2;15;18;16;0
39080;787;2;15;18;16;0
39131;771;2;15;18;16;0
39135;755;2;15;18;16;0
39154;739;2;15;18;16;0
39164;723;2;15;18;16;0
39165;707;2;15;18;16;0
39166;691;2;15;18;16;0
39178;675;2;15;18;16;0
39208;659;2;15;18;16;0
39318;643;2;15;18;16;0
39321;627;2;15;18;16;0
39361;611;2;15;18;16;0
39366;595;2;15;18;16;0
39378;579;2;15;18;16;0
39438;563;2;15;18;16;0
39442;547;2;15;18;16;0
39443;531;2;15;18;16;0
39514;515;2;15;18;16;0
39592;499;2;15;18;16;0
39640;483;2;15;18;16;0
39658;467;2;15;18;16;0
39740;451;2;15;18;16;0
39749;435;2;15;18;16;0
39764;419;2;15;18;16;0
39854;403;2;15;18;16;0
40165;387;2;15;18;16;0
40180;371;2;15;18;16;0
40599;355;2;15;18;16;0
40614;339;2;15;18;16;0
40644;323;2;15;18;16;0
40658;307;2;15;18;16;0
40665;291;2;15;18;16;0
40723;275;2;15;18;16;0
40736;259;2;15;18;16;0
40763;243;2;15;18;16;0
40802;227;2;15;18;16;0
65281;681;470;3;18;16;6
65284;617;434;13;18;16;2
65285;211;2;15;18;16;0
65286;195;2;15;18;16;0
65288;773;452;7;18;16;6
65289;781;452;7;18;16;2
65290;361;452;11;18;16;2
65291;179;2;15;18;16;0
65293;163;2;15;18;16;0
65294;593;470;5;18;16;2
65295;147;2;15;18;16;0
65296;603;434;13;18;16;2
65297;837;452;7;18;16;4
65298;533;434;13;18;16;2
65299;519;434;13;18;16;2
65300;449;434;13;18;16;2
65301;337;434;13;18;16;2
65302;323;434;13;18;16;2
65303;281;434;13;18;16;2
65304;225;434;13;18;16;2
65305;211;434;13;18;16;2
65306;587;470;5;18;16;4
65309;131;2;15;18;16;0
65311;197;434;13;18;16;2
65313;115;2;15;18;16;0
65314;169;434;13;18;16;2
65315;141;434;13;18;16;2
65316;113;434;13;18;16;2
65317;99;434;13;18;16;2
65318;901;416;13;18;16;2
65319;887;416;13;18;16;2
65320;873;416;13;18;16;2
65321;997;452;7;18;16;4
65322;747;416;13;18;16;2
65323;705;416;13;18;16;2
65324;1009;398;13;18;16;2
65325;99;2;15;18;16;0
65326;1009;380;13;18;16;2
65327;1009;326;13;18;16;2
65328;1009;308;13;18;16;2
65329;1009;272;13;18;16;2
65330;1009;182;13;18;16;2
65331;1009;164;13;18;16;2
65332;83;2;15;18;16;0
65333;1009;146;13;18;16;2
65334;67;2;15;18;16;0
65335;51;2;15;18;16;0
65336;35;2;15;18;16;0
65337;19;2;15;18;16;0
65338;1009;56;13;18;16;2
65345;73;452;11;18;16;2
65346;61;452;11;18;16;2
65347;49;452;11;18;16;2
65348;37;452;11;18;16;2
65349;25;452;11;18;16;2
65350;427;452;9;18;16;4
65351;13;452;11;18;16;2
65352;1;452;11;18;16;2
65353;685;470;3;18;16;6
65354;417;452;9;18;16;2
65355;407;452;9;18;16;4
65356;575;470;5;18;16;4
65357;1007;434;11;18;16;2
65358;995;434;11;18;16;2
65359;983;434;11;18;16;2
65360;971;434;11;18;16;2
65361;959;434;11;18;16;2
65362;947;434;11;18;16;2
65363;935;434;11;18;16;2
65364;923;434;11;18;16;2
65365;839;434;11;18;16;2
65366;827;434;11;18;16;2
65367;815;434;11;18;16;2
65368;791;434;11;18;16;2
65369;779;434;11;18;16;2
65370;385;452;11;18;16;2
65374;689;416;15;18;16;0
65381;689;470;3;18;8;2
65382;345;470;7;18;8;0
65383;353;470;7;18;8;0
65384;361;470;7;18;8;0
65385;369;470;7;18;8;0
65388;377;470;7;18;8;0
65389;385;470;7;18;8;0
65390;393;470;7;18;8;0
65391;401;470;7;18;8;0
65392;409;470;7;18;8;0
65393;417;470;7;18;8;0
65394;425;470;7;18;8;0
65395;433;470;7;18;8;0
65396;441;470;7;18;8;0
65397;449;470;7;18;8;0
65398;457;470;7;18;8;0
65399;465;470;7;18;8;0
65400;473;470;7;18;8;0
65401;481;470;7;18;8;0
65402;489;470;7;18;8;0
65403;497;470;7;18;8;0
65404;505;470;7;18;8;0
65405;513;470;7;18;8;0
65406;521;470;7;18;8;0
65407;529;470;7;18;8;0
65408;537;470;7;18;8;0
65409;545;470;7;18;8;0
65410;553;470;7;18;8;0
65411;561;470;7;18;8;0
65412;337;470;7;18;8;0
65413;209;470;7;18;8;0
65414;185;470;7;18;8;0
65416;909;452;7;18;8;0
65417;813;452;7;18;8;0
65418;741;452;7;18;8;0
65419;73;470;7;18;8;0
65420;289;470;7;18;8;0
65421;281;470;7;18;8;0
65422;273;470;7;18;8;0
65423;249;470;7;18;8;0
65424;25;470;7;18;8;0
65425;1013;452;7;18;8;0
65426;1005;452;7;18;8;0
65427;885;452;7;18;8;0
65428;861;452;7;18;8;0
65430;845;452;7;18;8;0
65431;629;452;7;18;8;0
65432;637;452;7;18;8;0
65433;733;452;7;18;8;0
65434;765;452;7;18;8;0
65435;821;452;7;18;8;0
65436;917;452;7;18;8;0
65437;933;452;7;18;8;0
65438;105;470;7;18;8;0
65439;113;470;7;18;8;0
